"ID_position","ID_site","GPS_x","GPS_x_accur","GPS_y","GPS_y_accur","elevation","macroexposure_d","macroexposure","slope","exposure_d","exposure","microtopography","wind_edge","soil_depth","soil_moist","ID_species","species","position_description","soil_sample_GMT","pH_CaCl2","water_soluble_P","citricacid_soluble_P","carbon","nitrogen","C_N_ratio","d13C","d15N","Temp_min","Temp_max","Temp_ampl","Temp_ampl_max","Temp_min_JS","Temp_min_snowfree","GDH.0_SS","GDH.0_JA","GDH.0_MA","GDH.5_SS","GDH.5_JA","GDH.5_MA","FDH.0_OA","wintersnow19_GMT","wintersnow19_day","snowfree20_GMT","snowfree20_day","seasonstart20_GMT","seasonstart20_day","wintersnow20_GMT","wintersnow20_day","days_snow19_20","days_snowfree20","days_frozen","days_growper20.1","days_growper20.5","Indval_T","Indval_N","Indval_L","Indval_F","Indval_H","Indval_R","Carexcurvula","Nardusstricta","Achilleaerbarotta","Adenostylesalliariae","Agrostisalpina","Agrostisrupestris","Agrostisschraderiana","Alchemillapentaphyllea","Alchemillavulgaris","Antennariacarpatica","Anthoxanthumalpinum","Arenariabiflora","Arnicamontana","Avenellaflexuosa","Campanulabarbata","Campanulascheuchzeri","Cardamineresedifolia","Carexfoetida","Carexpallescens","Carexsempervirens","Cerastiumcerastoides","Cirsiumspinosissimum","Elynamyosuroides","Epilobiumanagallidifolium","Euphrasiaminima","Festucaviolacea","Festucasp","Galiumanisophyllon","Gentianaacaulis","Gentianabavarica","Gentianapunctata","Gentianapurpurea","Geummontanum","Gnaphaliumhoppeanum","Gnaphaliumnorvegicum","Gnaphaliumsupinum","Helictotrichonversicolor","Hieraciumalpinum","Hieraciumpiliferum","Homogynealpina","Juncusjacquinii","Juncustrifidus","Leontodonhelveticus","Leontodonhispidus","Leucanthemopsisalpina","Ligusticummutellina","Ligusticummutellinoides","Loiseleuriaprocumbens","Lotuscorniculatus","Luzulaalpinopilosa","Luzulalutea","Luzulaspicata","Minuartiasedoides","Myosotisalpestris","Pediculariskerneri","Peucedanumostruthium","Phleumalpinum","Phleumrhaeticum","Phyteumabetonicifolium","Phyteumahemisphaericum","Poaalpina","Polygonumviviparum","Potentillaaurea","Primulahirsuta","Pulsatillavernalis","Pulsatillaalpinaapiifolia","Ranunculusaconitifolius","Ranunculusmontanus","Ranunculusvillarsii","Saginasaginoides","Salixherbacea","Saxifragabryoides","Sedumalpestre","Sempervivummontanum","Senecioincanusincanus","Sibbaldiaprocumbens","Sileneexscapa","Soldanellapusilla","Solidagovirgaureaminuta","Trifoliumalpinum","Trisetumspicatum","Vacciniumgaultherioides","Vacciniummyrtillus","Vacciniumvitisidaea","Veronicaalpina","Veronicabellidioides"
41,1,2674478,5,1159217,5,2805,260,"W",29,185,"S","convex",TRUE,14.33,38.675,16,"Cc","unter Carex-Horst",2020-09-18 08:35:00,3.71,31.4,38.9,107.7,7.8,13.9,-24.24,2.33,-13.0466,19.8678,32.9144,10.7756,0.4423,-13.0466,35366.1684,8630.2894,23964.0224,15290.0166,4836.3092,10682.9196,-12392.1024,2019-11-03 01:00:00,64,2019-11-10 01:00:00,71,2020-04-02 11:00:00,215,2020-09-24 23:00:00,390,7,319,133,196,135,1.1875,1.75,4.75,2.5625,2.5,2.125,0.8,0,0,0,0,0.01,0,0,0,0,0,0,0,0,0,0,0,0,0,0,0,0,0,0,0.01,0,0,0,0,0,0,0,0,0,0,0,0.1,0,0,0,0,0,0,0,0.01,0,0,0,0,0,0,0,0,0,0,0,0,0,0,0,0,0.02,0,0,0,0,0,0,0,0,0,0.01,0,0,0,0,0.01,0,0,0,0,0,0,0,0,0
42,1,2674478,5,1159217,5,2805,260,"W",11,237,"SW","concave",TRUE,13,37.7375,NA,"Con","Kontrolle zu 41; ohne Horst; 30cm neben 41",2020-09-18 08:40:00,4.04,24.6,29.3,89.9,5.8,15.6,-24.73,1.64,-13.0189,23.1656,36.1845,15.7866,0.4778,-13.0189,34222.349,8717.2964,23640.5894,15288.8816,4960.4182,11071.3388,-12629.5494,2019-11-02 01:00:00,63,2019-11-10 11:00:00,71,2020-04-04 15:00:00,217,2020-09-24 23:00:00,390,8,319,136,186,134,1.20833333333333,1.75,4.66666666666667,2.75,2.83333333333333,2.33333333333333,0.2,0,0,0,0,0,0,0,0,0,0,0,0,0,0,0,0,0,0,0,0,0,0.1,0,0,0,0,0,0,0,0,0,0,0,0,0,0.25,0.01,0,0,0,0,0,0,0.02,0,0.01,0,0,0,0,0,0,0,0,0,0,0,0,0,0,0.05,0,0.01,0,0,0,0,0,0,0.02,0.03,0,0,0,0,0.01,0,0,0,0.01,0,0,0,0,0
43,1,2674478,5,1159217,5,2805,260,"W",15,249,"W","convex",TRUE,6.33,34.2875,16,"Cc","unter Carex-Horst",2020-09-18 08:25:00,3.88,19.4,19,40.3,2.8,14.6,-24.94,1.84,-11.8313,24.1462,35.9775,17.8789,0.6463,-11.8313,34904.5456,8931.1386,23730.8676,15476.7774,5132.3218,10994.1888,-12192.6284,2019-11-02 01:00:00,63,2019-11-10 03:00:00,71,2020-04-08 15:00:00,221,2020-09-24 23:00:00,390,8,319,133,190,131,1.2,1.9,4.7,2.55,2.8,2.2,0.3,0,0,0,0,0.03,0,0,0,0,0,0,0,0,0,0,0,0,0,0,0,0,0,0,0.01,0,0,0,0,0,0,0,0,0,0,0,0.15,0,0,0,0,0,0,0,0,0,0.03,0,0,0,0,0,0,0,0.05,0,0,0,0,0,0,0.05,0,0.03,0,0,0,0,0,0,0.1,0,0,0,0,0,0.01,0,0,0,0,0,0,0,0,0
44,1,2674478,5,1159217,5,2805,260,"W",16,248,"W","concave",TRUE,12.33,37.8875,NA,"Con","Kontrolle zu 43; unter Salix",2020-09-18 08:30:00,3.89,9.4,13.1,26.5,2.1,12.9,-24.26,2.98,-12.1484,23.951,36.0994,17.4726,0.6849,-12.1484,34714.715,8931.2512,23844.8406,15459.4484,5130.8094,11251.3274,-11992.7678,2019-11-02 01:00:00,63,2019-11-10 21:00:00,71,2020-04-10 13:00:00,223,2020-09-24 23:00:00,390,8,319,134,187,135,1.2,1.9,4.7,2.55,2.8,2.2,0.25,0,0,0,0,0.1,0,0,0,0,0,0,0,0,0,0,0,0,0,0,0,0,0,0,0.02,0,0,0,0,0,0,0,0,0,0,0,0.15,0,0,0,0,0,0,0,0,0,0.01,0,0,0,0,0,0,0,0.02,0,0,0,0,0,0,0.05,0,0.05,0,0,0,0,0,0,0.15,0,0,0,0,0,0.02,0,0,0,0,0,0,0,0,0
45,1,2674478,5,1159217,5,2805,260,"W",16,302,"NW","concave",FALSE,12.33,18.4,NA,"Con","Mini-Schneetälchen (Logger unter Salix herbacea)",2020-09-18 09:35:00,4.23,4.4,13.2,24.3,1.7,14.1,-24.72,1.4,-2.8589,21.4147,24.2736,19.0046,0.4121,0.1606,25921.1838,7546.5514,17380.4552,11054.6658,3844.4352,8047.418,-3380.4726,2019-10-30 01:00:00,60,2020-05-08 13:00:00,251,2020-05-08 13:00:00,251,2020-09-24 23:00:00,390,191,139,90,153,99,1.22222222222222,2,4.77777777777778,2.94444444444444,2.77777777777778,2.55555555555556,0,0,0,0,0,0,0,0,0,0,0,0,0,0,0,0,0,0,0,0,0,0,0,0,0.03,0,0,0,0,0,0,0,0,0,0,0,0,0,0,0,0,0,0,0,0.01,0,0.01,0,0,0,0,0,0.1,0,0,0,0,0,0,0,0.02,0.02,0,0,0,0,0,0,0,0,0.4,0.01,0.01,0,0,0,0,0,0,0,0,0,0,0,0,0
46,1,2674478,5,1159217,5,2805,260,"W",13,275,"W","flat",FALSE,13,28.2375,16,"Cc","1.5m Talabwärts dem Weg entlang von 45 aus; unter Carex curvula",2020-09-18 09:30:00,3.96,15.7,16.2,55.1,3.7,14.9,-24.8,1.72,-3.5622,17.5232,21.0854,10.4736,0.6493,0.0838,29581.057,8055.7078,19766.2258,11754.8234,4237.3506,8486.0432,-4807.8824,2019-11-02 01:00:00,63,2020-04-22 13:00:00,235,2020-04-22 13:00:00,235,2020-09-24 23:00:00,390,172,155,99,179,116,1.29166666666667,2.08333333333333,4.58333333333333,2.875,3.16666666666667,2.41666666666667,0.45,0,0,0,0,0,0,0,0,0.05,0,0,0,0,0,0,0,0,0,0,0,0,0,0,0.01,0,0,0,0,0,0,0,0,0,0,0,0.03,0.02,0,0,0,0,0,0,0.05,0,0.02,0,0,0,0,0,0.02,0,0,0,0,0,0,0,0.1,0.08,0,0,0,0,0,0,0,0,0.2,0,0,0,0,0,0,0.02,0,0,0,0,0,0,0,0
47,2,2674639,5,1159276,5,2732,75,"E",16,55,"NE","convex",TRUE,14.67,27.1375,36,"Hv","Windkante; unter Helictotrichon",2020-09-18 10:55:00,3.95,5.3,38.1,66.1,4.5,14.8,-24.78,2.7,-9.1628,18.2095,27.3723,9.4155,2.031,-9.1628,35829.452,8863.0216,24312.913,15264.3116,5032.1804,11053.6638,-8306.8888,2019-11-02 01:00:00,63,2019-12-08 05:00:00,99,2020-04-16 15:00:00,229,2020-09-24 23:00:00,390,36,291,110,199,140,1.28571428571429,2,4.42857142857143,2.64285714285714,3,2,0.3,0,0,0,0,0.1,0,0,0,0,0,0,0,0,0,0,0,0,0,0,0,0,0,0,0,0,0,0,0,0,0,0,0,0,0,0,0.5,0.01,0,0,0,0,0,0,0,0,0,0,0,0,0,0,0,0,0,0,0,0,0,0.01,0,0.03,0,0,0,0,0,0,0,0,0.03,0,0,0,0,0,0,0,0,0,0,0,0,0,0,0
48,2,2674639,5,1159276,5,2732,75,"E",16,53,"NE","flat",TRUE,9.33,30.7,NA,"Con","Kontrolle zu 47, 49, 50; unter Salix herbacea und Polygonum viviparum",2020-09-18 10:50:00,3.92,4.3,39.6,38.3,2.7,14.1,-24.32,2.82,-8.8223,20.7124,29.5347,13.2867,2.0455,-8.8223,39768.8818,9674.5556,27152.3876,18597.1484,5838.1758,13587.9276,-7055.382,2019-11-02 01:00:00,63,2019-12-27 21:00:00,118,2020-04-11 13:00:00,224,2020-09-24 23:00:00,390,55,272,97,205,148,1.26923076923077,2.15384615384615,4.46153846153846,2.69230769230769,3,2.15384615384615,0.2,0,0,0,0,0.05,0,0,0,0.02,0,0,0,0,0,0,0,0,0,0,0,0,0,0,0.01,0,0,0,0,0,0,0,0,0,0,0,0.15,0.02,0,0,0,0,0,0,0.03,0,0.03,0,0,0,0,0,0,0,0,0,0,0,0,0.02,0.05,0.05,0,0,0,0,0,0,0,0,0.15,0,0,0,0,0,0,0,0,0,0,0,0,0,0,0.01
49,2,2674639,5,1159276,5,2732,75,"E",12,70,"E","flat",TRUE,10.33,33.1125,22,"Em","Windkante; unter Elyna",2020-09-18 10:45:00,4.17,2.7,38.1,38.9,3,13.1,-24.22,2.54,-7.2719,19.1303,26.4022,10.5471,2.2023,-7.2719,38866.3434,9443.6492,26238.0284,17425.682,5605.6036,12587.0002,-6593.232,2019-11-02 01:00:00,63,2019-12-28 07:00:00,119,2020-04-13 11:00:00,226,2020-09-24 23:00:00,390,56,271,99,205,148,1.22727272727273,2.09090909090909,4.54545454545455,2.63636363636364,3.18181818181818,2.36363636363636,0.1,0,0,0,0,0.08,0,0,0,0.05,0,0,0,0,0,0,0,0,0,0,0,0,0.4,0,0,0,0,0,0,0,0,0,0,0,0,0,0.05,0,0,0,0,0,0,0,0.01,0,0.03,0,0,0,0,0,0,0,0,0,0,0,0,0,0.1,0.05,0,0,0,0,0,0,0,0,0.1,0,0,0,0,0,0,0,0,0,0,0,0,0,0,0.04
50,2,2674639,5,1159276,5,2732,75,"E",13,95,"E","convex",TRUE,10.67,25.43,16,"Cc","Windkante; unter Carex",2020-09-18 11:00:00,4.01,6.2,26.4,56,3.9,14.5,-24.42,1.84,-8.4075,23.7065,32.114,14.1,2.2386,-8.4075,40566.7078,9645.4418,27386.6494,18901.4,5805.511,13581.147,-7266.5988,2019-11-02 01:00:00,63,2019-12-27 21:00:00,118,2020-04-10 13:00:00,223,2020-09-24 23:00:00,390,55,272,98,206,151,1.25,2,4.5,2.58333333333333,3,2.33333333333333,0.7,0,0,0,0,0.03,0,0,0,0,0,0,0,0,0,0,0,0,0,0,0,0,0,0,0,0,0,0,0,0,0,0,0,0,0,0,0.2,0.01,0,0,0,0,0,0,0,0,0.02,0,0,0,0,0,0,0,0,0,0,0,0,0,0,0.03,0,0,0,0,0,0,0,0,0,0,0,0,0,0,0,0,0,0,0,0,0,0,0,0
51,2,2674639,5,1159276,5,2732,75,"E",7,60,"NE","flat",FALSE,14.33,34.81,16,"Cc","Grenze von Dominanzbereich Carex zu Dominanz Salix herbacea; hier unter Carex-Horst",2020-09-18 11:05:00,3.93,6.9,31.3,41,2.8,14.7,-24.61,2.21,-3.3624,20.7144,24.0768,13.3596,1.1037,0.0977,33058.6932,9320.0706,21886.1602,14982.8386,5482.6624,10915.8642,-4159.6424,2019-11-02 01:00:00,63,2020-04-22 11:00:00,235,2020-04-22 11:00:00,235,2020-09-24 23:00:00,390,172,155,84,180,120,1.25,2.25,4.75,3.0625,3.25,2.375,0.25,0,0,0,0,0,0,0,0,0,0,0,0,0,0,0,0,0,0,0,0,0,0,0,0.04,0,0,0,0,0,0,0,0,0,0,0,0,0,0,0,0,0,0,0,0.03,0,0.05,0,0,0,0,0,0,0,0,0,0,0,0,0,0.15,0.02,0,0,0,0,0,0,0,0,0.4,0,0,0,0,0,0,0.02,0,0,0,0,0,0,0,0
52,2,2674639,5,1159276,5,2732,75,"E",14,11,"N","convex",FALSE,12.33,42.27,16,"Cc","unter Carex-Horst, der sehr weit ins Schneetälchen geht",2020-09-18 11:10:00,3.91,5.1,32.2,36.8,2.5,14.9,-24.68,2.54,-0.6474,23.2154,23.8628,19.3935,0.1081,0.1081,24472.9552,9108.9606,15797.415,12476.3676,5315.788,8983.5322,-738.064,2019-10-04 01:00:00,34,2020-06-03 11:00:00,277,2020-06-03 11:00:00,277,2020-09-24 23:00:00,390,243,113,54,108,86,1.11111111111111,2.22222222222222,4.66666666666667,2.88888888888889,3,2.11111111111111,0.15,0,0,0,0,0,0,0,0,0,0,0,0,0,0,0,0,0,0,0,0,0,0,0,0.01,0,0,0,0,0,0,0,0,0,0,0.01,0,0,0,0,0,0,0,0,0.01,0,0,0,0,0,0,0,0.08,0,0,0,0,0,0,0,0.05,0,0,0,0,0,0,0,0,0,0.6,0,0,0,0,0.02,0,0,0,0,0,0,0,0,0,0.01
53,3,2674699,5,1159300,5,2715,161,"S",9,167,"S","concave",FALSE,14.33,40.3,54,"Ns","Höchster Nardus",2020-09-18 12:10:00,3.95,6.4,126.9,26.4,2.3,11.5,-24,0.69,0.047,24.8007,24.7537,16.7468,0.1725,0.9877,27801.694,9330.3204,14827.6416,12835.722,5511.9304,8150.5002,0,2019-11-02 01:00:00,63,2020-06-23 11:00:00,297,2020-06-23 11:00:00,297,2020-09-24 23:00:00,390,234,93,0,136,92,1.31818181818182,2.36363636363636,4.36363636363636,3.45454545454545,3.4,2.09090909090909,0,0.2,0,0,0,0,0,0.02,0,0,0,0.01,0,0,0,0,0,0.02,0,0,0,0,0,0,0.01,0,0,0,0,0,0,0,0.05,0,0,0.01,0,0,0,0,0,0,0,0,0.01,0,0,0,0,0,0,0,0,0,0,0,0,0,0,0,0.05,0,0,0,0,0,0,0,0,0,0.03,0,0,0,0,0,0,0,0,0,0,0,0,0,0.03,0
54,3,2674699,5,1159300,5,2715,161,"S",13,159,"S","flat",FALSE,18.67,20.6333333333333,16,"Cc","Carex-Horst; hier aber eigentlich kaum Carex im Schneetälchen",2020-09-18 12:20:00,3.8,5.7,55.7,35.2,2.6,13.6,-23.63,2.62,-0.0273,25.2461,25.2734,18.2335,0.0983,1.7532,27651.402,9670.3992,15160.2292,14167.4268,5858.6514,8872.1224,-0.273,2019-11-02 01:00:00,63,2020-06-25 13:00:00,299,2020-06-25 13:00:00,299,2020-09-24 23:00:00,390,236,91,0,128,91,1.25,2.25,4.5,3.1875,3.5,2.125,0.3,0,0,0,0,0,0,0,0,0,0,0.01,0,0,0,0,0,0,0,0,0,0,0,0,0,0,0,0,0,0,0,0,0,0,0,0.02,0,0,0,0,0,0,0.02,0,0.03,0,0,0,0,0,0,0,0,0,0,0,0,0,0,0,0.2,0,0,0,0,0,0,0,0,0,0,0,0,0,0.03,0,0,0,0,0,0,0,0,0,0.03,0
55,3,2674699,5,1159300,5,2715,161,"S",10,168,"S","flat",FALSE,12.67,32.2333333333333,NA,"Con","Kontrolle zu 53, 54; unter Salix herbacea",2020-09-18 12:15:00,3.83,7.3,48.3,33.5,2.6,12.9,-23.53,1.7,0.0153,23.3586,23.3433,17.4803,0.0781,2.6017,27367.6954,9355.9122,14873.0664,13547.0384,5530.8422,8501.2488,0,2019-11-02 01:00:00,63,2020-06-24 07:00:00,298,2020-06-24 07:00:00,298,2020-09-24 23:00:00,390,235,92,0,130,91,1.4375,2.4375,4.5,3.375,3.57142857142857,2.25,0,0,0,0,0,0,0,0,0,0,0,0.01,0,0,0,0,0,0,0,0,0,0,0,0,0.03,0,0,0,0,0,0,0,0,0,0,0.05,0,0,0,0,0,0,0,0,0.02,0,0,0,0.02,0,0,0,0,0,0,0,0,0,0,0,0.2,0,0,0,0,0,0,0,0,0,0.1,0,0,0,0,0,0,0,0,0,0,0,0,0,0.06,0
56,4,2674778,5,1159212,5,2686,168,"S",26,177,"S","convex",FALSE,18.67,34.69,54,"Ns","in Nardus-Horst Gruppe",2020-09-18 13:20:00,3.63,11,51.3,159.3,8.9,17.9,-25.07,3.45,-0.5928,20.5477,21.1405,12.4005,1.5461,0.0973,43488.3374,9269.4428,28755.551,19115.9312,5432.2036,13718.9976,-283.2654,2019-11-02 01:00:00,63,2020-04-01 13:00:00,214,2020-04-01 13:00:00,214,2020-09-24 23:00:00,390,151,176,17,225,161,1.6,2.2,4,2.95,3.22222222222222,2.1,0,0.85,0,0,0,0,0,0,0,0,0,0,0,0,0,0,0,0,0,0,0,0,0,0,0.01,0,0,0,0,0,0,0,0.05,0,0,0,0.03,0,0,0.01,0,0,0.02,0,0,0,0.01,0,0,0,0,0,0,0,0,0,0,0,0,0,0.02,0,0,0,0,0,0,0,0,0,0,0,0,0,0,0,0,0,0,0.01,0,0.01,0,0,0,0
57,4,2674778,5,1159212,5,2686,168,"S",23,175,"S","concave",FALSE,16,36.79,NA,"Con","Kontrolle zu 56 (40cm daneben)",2020-09-18 13:25:00,3.52,5.4,46.9,156.2,9,17.4,-25.64,1.84,-0.1513,23.7165,23.8678,15.9783,1.9202,0.0999,44585.363,9811.7238,29836.1604,21602.908,5979.638,15584.1736,-27.2878,2019-11-02 01:00:00,63,2020-04-07 13:00:00,220,2020-04-07 13:00:00,220,2020-09-24 23:00:00,390,157,170,0,217,155,1.38461538461538,2,4.38461538461539,2.76923076923077,3.33333333333333,2,0.2,0.1,0,0,0,0.03,0,0,0,0,0,0,0,0,0,0,0,0,0,0,0,0,0,0,0,0,0,0,0.02,0,0,0,0.05,0,0,0.01,0,0,0,0.03,0,0,0,0,0,0,0.1,0,0,0,0.02,0,0,0,0,0,0,0,0,0.01,0,0,0,0,0,0,0,0,0,0,0.04,0,0,0.02,0,0,0,0,0,0.1,0,0,0,0,0,0
58,4,2674778,5,1159212,5,2686,168,"S",21,160,"S","flat",FALSE,9.67,28.48,16,"Cc","unter kleiner Carex",2020-09-18 13:30:00,3.79,5,40.4,127.7,7.8,16.5,-24.97,3.71,-0.6876,25.6758,26.3634,23.2897,1.7589,-0.2485,NA,10098.28,32522.461,NA,6277.922,18021.6244,-122.2316,2019-11-02 01:00:00,63,2020-04-06 11:00:00,219,2020-04-06 11:00:00,219,2020-09-24 23:00:00,390,156,171,1,NA,NA,1.35294117647059,2.11764705882353,4.35294117647059,2.76470588235294,3.13333333333333,2.05882352941176,0.3,0,0,0,0,0.07,0,0,0,0,0.01,0,0,0,0,0,0.03,0,0,0,0,0,0,0,0,0,0,0,0.07,0,0,0,0.1,0,0,0.01,0.05,0,0,0.01,0,0,0,0,0,0,0.03,0,0,0,0,0,0,0,0,0,0,0,0,0.01,0.03,0,0,0,0.05,0,0,0,0,0,0.01,0,0,0.04,0,0,0,0,0,0.04,0,0,0,0,0,0.03
59,4,2674778,5,1159212,5,2686,168,"S",20,155,"SE","flat",FALSE,10.67,28.55,NA,"Con","Kontrolle zu 58 (20cm daneben) unter Geum und Trifolium",2020-09-18 13:35:00,3.86,5.6,48.3,138.6,9.1,15.3,-24.97,1.61,-0.3731,23.2278,23.6009,16.0503,1.4505,0.193,46609.0426,10075.3508,31713.4642,23292.2886,6247.1926,17097.5256,-121.9342,2019-11-02 01:00:00,63,2020-04-06 13:00:00,219,2020-04-06 13:00:00,219,2020-09-24 23:00:00,390,156,171,4,217,161,1.30555555555556,2.11111111111111,4.44444444444444,2.52777777777778,3.13333333333333,2.05555555555556,0.4,0,0,0,0,0.05,0,0,0,0,0.02,0,0,0,0,0,0.05,0,0,0,0,0,0,0,0,0,0,0,0.02,0,0,0,0.15,0,0,0,0.05,0,0.02,0,0,0,0,0,0,0,0.02,0,0,0,0.01,0,0,0,0.02,0,0,0,0,0.01,0.03,0,0,0,0.04,0,0,0,0,0,0.01,0,0,0.05,0,0,0,0,0,0.05,0,0,0,0,0,0.03
60,4,2674778,5,1159212,5,2686,168,"S",14,137,"SE","convex",FALSE,19.33,26.19,16,"Cc","unter Carex-Horst",2020-09-18 13:40:00,4.11,7.1,32.2,104.5,6.8,15.5,-25.41,1.86,-2.4523,26.0508,28.5031,19.7459,2.327,-2.4523,NA,10886.7168,36155.7124,NA,7059.0574,20346.1992,-840.319,2019-11-03 01:00:00,64,2020-02-04 17:00:00,157,2020-03-20 13:00:00,202,2020-09-24 23:00:00,390,93,233,28,NA,NA,1.375,2,4.375,2.3125,3.5,2,0.45,0,0,0,0,0,0,0,0,0,0,0,0,0,0,0,0.01,0,0,0,0,0,0.1,0,0,0,0,0,0,0,0,0,0,0,0,0,0.15,0,0,0,0,0,0,0.02,0,0,0,0,0,0,0.02,0,0,0,0,0,0,0,0,0,0,0,0,0,0.1,0,0,0,0,0,0,0,0,0,0,0.01,0,0,0,0,0,0,0,0,0,0.05
61,4,2674778,5,1159212,5,2686,168,"S",17,133,"SE","convex",FALSE,21,27.81,NA,"Con","Kontrolle zu 60 (20cm daneben) unter Trifolium",2020-09-18 13:45:00,3.94,6.7,23.4,97.5,6.8,14.4,-25.02,2.98,-2.6688,29.4838,32.1526,23.5804,1.9054,-2.6688,NA,11053.2004,36059.7202,NA,7235.1096,20632.9454,-1114.3134,2019-11-03 01:00:00,64,2020-02-04 11:00:00,157,2020-03-21 11:00:00,203,2020-09-24 23:00:00,390,93,233,37,NA,NA,1.3,2,4.5,2.35,3.6,2,0.3,0,0,0,0,0.06,0,0,0,0,0,0,0,0,0,0,0,0,0,0,0,0,0.2,0,0.02,0,0,0,0,0,0,0,0,0,0,0,0.1,0,0,0,0,0,0,0,0.01,0,0,0,0,0,0.05,0,0,0,0,0,0,0,0,0,0,0,0,0,0.1,0,0,0,0,0,0,0,0,0,0,0.01,0,0,0,0,0,0,0,0,0,0.05
62,5,2674831,5,1159107,5,2635,134,"SE",35,153,"SE","convex",FALSE,16.67,31.4666666666667,16,"Cc","bei -20cm am ""Abgrund"" in Carex curvula; viel Moos hier",2020-09-11 09:15:00,3.58,16.2,42.5,90.6,6.1,14.7,-25.51,3.85,-1.9828,23.7186,25.7014,21.2005,0.0306,-0.3468,NA,8991.5474,NA,NA,5197.5762,NA,NA,2019-11-03 01:00:00,64,2020-04-02 15:00:00,215,2020-04-02 15:00:00,215,2020-09-24 23:00:00,390,151,175,45,NA,NA,1.29166666666667,2.08333333333333,4.33333333333333,2.5,3.18181818181818,1.83333333333333,0.55,0,0,0,0,0.03,0,0,0,0,0,0,0,0,0,0,0,0,0,0,0,0,0,0,0,0,0,0,0,0,0,0,0.1,0,0,0,0.1,0,0,0,0,0,0.01,0,0.01,0.01,0,0,0,0,0.02,0,0,0,0,0,0,0,0,0.01,0,0,0.1,0,0,0,0,0,0,0,0,0,0,0.05,0,0,0,0,0,0,0,0,0,0,0,0.01
63,5,2674831,5,1159107,5,2635,134,"SE",20,150,"SE","convex",FALSE,34.67,35.0166666666667,NA,"Con","Kontrolle zu 62",2020-09-11 09:25:00,3.66,41.1,62.3,104.2,7.2,14.5,-24.99,3.53,-2.4104,23.7611,26.1715,21.207,1.6813,-0.2696,NA,9600.4722,29743.2734,NA,5784.2426,15570.416,-974.0964,2019-11-03 01:00:00,64,2020-04-04 11:00:00,217,2020-04-04 11:00:00,217,2020-09-24 23:00:00,390,153,173,55,NA,NA,1.29166666666667,2.08333333333333,4.33333333333333,2.5,3.18181818181818,1.83333333333333,0.35,0,0,0,0,0.03,0,0,0,0,0,0,0,0,0,0,0,0,0,0,0,0,0,0,0,0,0,0,0,0,0,0,0.1,0,0,0,0.2,0,0,0,0,0,0.01,0,0.03,0.02,0,0,0,0,0.01,0,0,0,0,0,0,0,0,0.02,0,0,0.1,0,0,0,0,0,0,0,0,0,0,0.03,0,0,0,0,0,0,0,0,0,0,0,0.03
64,5,2674831,5,1159107,5,2635,134,"SE",28,134,"SE","convex",FALSE,19,39.8833333333333,16,"Cc","Carex (kleiner Horst); bei 85 cm",2020-09-11 09:35:00,3.67,14.8,41,98.2,6.2,15.8,-25.66,2.94,-3.8396,24.0584,27.898,15.501,2.1373,-3.8396,43798.3578,10030.35,30059.125,20847.7112,6195.9854,15345.454,-1567.922,2019-11-03 01:00:00,64,2020-01-10 03:00:00,132,2020-04-02 15:00:00,215,2020-09-24 23:00:00,390,68,258,61,217,161,1.375,2.16666666666667,4.16666666666667,2.79166666666667,3.18181818181818,1.83333333333333,0.55,0,0,0,0,0.02,0,0.01,0,0,0,0,0,0,0,0,0,0,0,0,0,0,0,0,0.01,0,0,0,0,0,0,0,0,0,0,0,0.15,0,0,0.02,0.05,0,0.02,0,0,0.05,0,0,0,0,0,0,0,0,0,0,0,0,0,0.02,0,0,0.1,0,0,0,0,0,0,0,0,0,0,0,0,0,0,0,0,0,0,0,0,0,0,0.05
65,5,2674831,5,1159107,5,2635,134,"SE",13,102,"E","flat",FALSE,18.67,39.9,54,"Ns","Nardus; bei 160cm",2020-09-11 09:55:00,3.65,11.9,54.1,100.6,6.1,16.4,-25.63,3.38,-0.4449,20.7968,21.2417,12.5445,2.5066,0.0576,43246.7114,10020.5218,29291.2616,20046.8224,6180.5218,14789.9478,-247.9856,2019-11-03 01:00:00,64,2020-04-05 11:00:00,218,2020-04-05 11:00:00,218,2020-09-24 23:00:00,390,154,172,16,219,155,1.5,2.36363636363636,4.09090909090909,3,3,2.18181818181818,0.35,0.2,0,0,0,0,0,0.03,0,0,0.05,0,0,0,0,0,0,0,0,0,0,0,0,0,0,0,0,0,0,0,0,0,0.02,0,0,0,0.1,0,0,0,0.05,0,0.03,0,0,0.03,0,0,0,0,0,0,0,0,0,0,0,0,0,0,0.05,0,0.05,0,0,0,0,0,0,0,0,0,0,0,0,0,0,0,0,0,0,0,0,0,0,0
66,5,2674831,5,1159107,5,2635,134,"SE",11,100,"E","flat",FALSE,22,42.6333333333333,NA,"Con","Kontrolle zu 65 (20cm daneben)",2020-09-11 10:00:00,3.65,31.4,60.1,117.2,7.8,15.1,-25.7,2.61,-1.1279,21.7174,22.8453,14.8608,1.6391,-0.1215,42575.3502,10211.4892,29445.7534,20363.9278,6371.4892,15323.6688,-548.3282,2019-11-03 01:00:00,64,2020-04-04 13:00:00,217,2020-04-04 13:00:00,217,2020-09-24 23:00:00,390,153,173,34,211,148,1.54166666666667,2.16666666666667,4.08333333333333,2.95833333333333,3.2,2.08333333333333,0.2,0.1,0,0,0,0,0,0.05,0,0,0.05,0,0,0,0,0,0,0,0,0,0,0,0,0,0.01,0,0,0,0,0,0,0,0.03,0,0,0,0.15,0,0,0.01,0.05,0,0.07,0,0,0.05,0,0,0,0,0,0,0,0,0,0,0,0,0,0,0,0,0.05,0,0,0,0,0,0,0,0,0,0,0,0,0,0,0,0,0,0,0,0,0,0,0
67,5,2674831,5,1159107,5,2635,134,"SE",25,176,"S","concave",FALSE,26.33,33.75,54,"Ns","grosser Nardus-Horst; bei 290cm (etwa 30cm vom Massband weg)",2020-09-11 10:20:00,3.77,3.4,48.3,55.8,3.7,15.2,-26.08,3.91,0.1466,21.4721,21.3255,12.1681,2.5338,0.6493,43712.9832,9821.1922,28436.2412,19844.6322,5984.1412,14278.4288,0,2019-11-03 01:00:00,64,2020-04-12 13:00:00,225,2020-04-12 13:00:00,225,2020-09-24 23:00:00,390,161,165,0,214,152,1.41666666666667,2.27777777777778,4.22222222222222,3.02777777777778,3.25,2,0.05,0.45,0,0,0,0,0,0.1,0,0,0.05,0,0,0,0,0,0,0,0,0,0,0,0,0,0.01,0,0,0,0,0,0,0,0.05,0,0,0.01,0.05,0,0,0.02,0,0,0.02,0,0,0.05,0,0,0,0,0,0,0,0,0,0,0,0,0,0.01,0.05,0,0.02,0,0,0,0,0,0,0,0.01,0,0,0,0,0.01,0,0.01,0,0,0,0,0,0,0,0.01
68,5,2674831,5,1159107,5,2635,134,"SE",24,178,"S","flat",FALSE,23.67,32.2166666666667,NA,"Con","Kontrolle zu 67 (15cm daneben)",2020-09-11 10:25:00,3.84,3.1,54.2,58.8,3.9,15.2,-26.06,3.02,-0.1092,28.2629,28.3721,22.267,1.8411,-0.1092,45255.9218,10369.0506,30447.0942,23427.2946,6552.3188,16900.7368,-0.2184,2019-11-03 01:00:00,64,2020-04-07 13:00:00,220,2020-04-07 13:00:00,220,2020-09-24 23:00:00,390,156,170,0,210,152,1.375,2.3125,4.3125,2.96875,3.14285714285714,2.125,0.05,0.2,0,0,0,0.02,0,0.15,0,0,0.02,0,0,0,0,0,0,0,0,0,0,0,0,0,0.01,0,0,0,0,0,0,0,0.1,0,0,0.03,0,0,0,0,0,0,0.02,0,0,0.1,0,0,0,0,0.02,0,0,0,0,0,0,0,0,0,0.1,0,0.01,0,0,0,0,0,0,0,0.01,0,0,0,0,0.03,0,0,0,0.01,0,0,0,0,0,0
69,5,2674831,5,1159107,5,2635,134,"SE",27,155,"SE","concave",FALSE,23,54.9333333333333,16,"Cc","Carex curvula; bei 390 cm (ca. 60cm vom Massband weg)",2020-09-11 10:45:00,3.61,10.4,49.8,101.2,6.5,15.5,-25.63,4.02,-0.3885,25.5977,25.9862,18.9089,2.3098,-0.0119,47368.67,10169.2586,31837.1258,23912.4428,6335.76,16964.8412,-33.2002,2019-11-03 01:00:00,64,2020-04-04 13:00:00,217,2020-04-04 13:00:00,217,2020-09-24 23:00:00,390,153,173,0,212,170,1.46428571428571,2.07142857142857,4.28571428571429,2.78571428571429,3.15384615384615,2,0.55,0.15,0,0,0,0,0,0,0,0,0.01,0,0,0,0,0,0,0,0,0,0,0,0,0,0.01,0,0,0,0,0,0.01,0,0.07,0,0,0.01,0.05,0,0,0,0,0,0.01,0,0.01,0.03,0,0,0,0,0.03,0,0,0,0,0,0,0,0,0,0,0,0.03,0,0,0,0,0,0,0,0,0,0,0,0,0,0,0,0,0.01,0,0,0,0,0,0
70,5,2674831,5,1159107,5,2635,134,"SE",30,188,"S","flat",FALSE,33,39.4833333333333,NA,"Con","Kontrolle zu 69",2020-09-11 10:50:00,3.57,5.9,79.1,177.1,10.7,16.5,-25.55,1.78,-0.4138,27.2791,27.6929,21.6074,2.3499,0.6542,47754.6182,10133.7748,31642.5614,24458.3636,6296.4754,17028.9368,-18.625,2019-11-02 01:00:00,63,2020-04-08 09:00:00,221,2020-04-08 09:00:00,221,2020-09-24 23:00:00,390,158,169,0,212,168,1.46666666666667,2.2,4.26666666666667,2.8,3.14285714285714,2.13333333333333,0.25,0.2,0,0,0,0,0,0,0,0,0.07,0,0,0,0,0,0,0,0,0,0,0,0,0,0.01,0,0,0,0.02,0,0,0,0.15,0,0,0.02,0.1,0,0,0,0,0,0.02,0,0.01,0.02,0,0,0,0,0.01,0,0,0,0,0,0,0,0,0,0.03,0,0.02,0,0,0,0,0,0,0,0,0,0,0,0,0,0,0,0,0.05,0,0,0,0,0,0
71,5,2674831,5,1159107,5,2635,134,"SE",31,141,"SE","concave",FALSE,23,54.8666666666667,54,"Ns","Mitten im Nardus; bei 570 cm (ca. 50cm vom Massband weg)",2020-09-11 11:25:00,3.51,5.6,54.2,132.3,7.6,17.3,-25.18,3.36,0.0783,17.6939,17.6156,8.4593,3.9072,0.5186,43718.5724,8782.9044,26932.3802,17046.149,4942.9044,11475.8066,0,2019-11-02 01:00:00,63,2020-04-04 13:00:00,217,2020-04-04 13:00:00,217,2020-09-24 23:00:00,390,154,173,0,244,172,1.5,2.16666666666667,4.33333333333333,2.58333333333333,3,2,0.07,0.85,0,0,0,0,0.01,0,0,0,0,0,0,0,0,0,0,0,0,0,0,0,0,0,0,0,0,0,0,0,0,0,0.03,0,0,0,0.02,0,0,0,0,0,0,0,0,0,0,0,0,0,0,0,0,0,0,0,0,0,0,0,0,0,0,0,0,0,0,0,0,0,0,0,0,0.01,0,0,0,0,0,0,0,0,0,0,0,0
72,5,2674831,5,1159107,5,2635,134,"SE",21,142,"SE","flat",FALSE,26.67,44.3,NA,"Con","Kontrolle zu 71 und 73; im Trifolium",2020-09-11 11:30:00,3.57,4.9,58.6,146.7,9.4,15.7,-25.35,2.47,-0.2164,23.8472,24.0636,15.8606,2.047,0.7268,47526.8352,10253.4704,31700.1942,23385.9226,6424.532,16810.1802,-68.607,2019-11-02 01:00:00,63,2020-04-06 13:00:00,219,2020-04-06 13:00:00,219,2020-09-24 23:00:00,390,156,171,0,221,167,1.39285714285714,2.28571428571429,4.21428571428571,2.67857142857143,3.16666666666667,2.07142857142857,0.4,0,0,0,0,0.01,0.05,0,0,0,0.03,0,0,0,0,0,0,0,0,0,0,0,0,0,0,0,0,0,0.01,0,0,0,0.1,0,0,0,0.03,0,0,0,0,0,0.01,0,0,0.07,0,0,0,0,0.07,0,0,0,0,0,0,0,0,0.02,0.02,0,0,0,0,0,0,0,0,0,0,0,0,0.03,0,0,0,0,0,0.1,0,0,0,0,0,0
73,5,2674831,5,1159107,5,2635,134,"SE",59,150,"SE","convex",FALSE,21.67,42.3833333333333,16,"Cc","Carex curvula; bei 600 cm (direkt am Massband)",2020-09-11 11:35:00,3.63,5.1,41,110.8,6.8,16.3,-25.36,3.17,-0.5396,25.0371,25.5767,19.1213,1.7922,0.403,46625.0064,9486.5904,30227.3698,23002.69,5677.3948,15531.6384,-15.712,2019-11-03 01:00:00,64,2020-04-06 11:00:00,219,2020-04-06 11:00:00,219,2020-09-24 23:00:00,390,155,171,0,212,173,1.41666666666667,2.08333333333333,4.41666666666667,2.70833333333333,3.2,2,0.4,0.1,0,0,0,0.1,0,0,0,0,0.03,0,0,0,0,0,0,0,0,0,0,0,0,0,0.01,0,0,0,0,0,0,0,0,0,0,0.02,0,0,0,0,0,0,0.03,0,0,0.05,0,0,0,0,0.02,0,0,0,0,0,0,0,0,0.02,0,0,0,0,0,0,0,0,0,0,0,0,0,0.02,0,0,0,0,0,0.15,0,0,0,0,0,0
74,5,2674831,5,1159107,5,2635,134,"SE",35,153,"SE","convex",FALSE,23.33,30.1833333333333,16,"Cc","Carex curvula; bei 720 cm (direkt am Massband)",2020-09-11 11:50:00,3.49,8.6,77.7,141.5,8.1,17.5,-25.91,1.8,-0.6626,33.4467,34.1093,27.6049,2.223,-0.6626,49447.8608,10015.5468,32893.759,25658.7074,6195.3978,18126.2058,-31.9182,2019-11-03 01:00:00,64,2020-04-04 13:00:00,217,2020-04-04 13:00:00,217,2020-09-24 23:00:00,390,153,173,0,219,169,1.375,2.25,4.16666666666667,2.75,3.18181818181818,2,0.65,0,0,0,0,0,0,0,0,0,0.04,0,0,0,0,0,0,0,0,0,0,0,0,0,0,0,0,0,0,0,0,0,0.1,0,0,0.01,0.02,0,0,0,0,0,0.03,0,0,0.03,0,0,0,0,0.02,0,0,0,0,0,0,0,0,0.01,0.03,0,0.02,0,0,0,0,0,0,0,0,0,0,0,0,0,0,0,0,0,0,0,0,0,0,0.01
75,5,2674831,5,1159107,5,2635,134,"SE",33,160,"S","convex",FALSE,19.67,40.0333333333333,54,"Ns","Nardus; neben 74",2020-09-11 11:55:00,3.58,7.1,43.9,87.3,4.8,18.3,-26.12,3.37,-0.0882,20.8594,20.9476,13.4447,2.5593,0.3532,45668.6178,9182.2328,29120.947,20169.8868,5348.9198,13886.4336,-1.2852,2019-11-03 01:00:00,64,2020-04-05 13:00:00,218,2020-04-05 13:00:00,218,2020-09-24 23:00:00,390,154,172,0,232,175,1.5,2.09090909090909,4.09090909090909,2.59090909090909,3.2,1.90909090909091,0.25,0.45,0,0,0,0,0,0,0,0,0.02,0,0,0,0,0,0,0,0,0,0,0,0,0,0,0,0,0,0,0,0,0,0.05,0,0,0,0.04,0,0,0,0,0,0.02,0,0,0.02,0,0,0,0,0.03,0,0,0,0,0,0,0,0,0.02,0,0,0.02,0,0,0,0,0,0,0,0,0,0,0,0,0,0,0,0,0,0,0,0,0,0,0.01
76,5,2674831,5,1159107,5,2635,134,"SE",33,159,"S","concave",FALSE,21.33,36.4166666666667,NA,"Con","Kontrolle zu 74, 75; bei 740 cm",2020-09-11 12:00:00,3.67,6,45.4,104.4,6.4,16.4,-25.77,3.18,0.08,23.4155,23.3355,19.2004,2.0931,0.4576,NA,NA,NA,NA,NA,NA,NA,2019-11-02 01:00:00,63,2020-04-05 11:00:00,218,2020-04-05 11:00:00,218,2020-09-24 23:00:00,390,155,172,0,NA,NA,1.5,2.08333333333333,4.25,2.75,3.18181818181818,2,0.15,0.1,0,0,0,0,0,0,0,0,0.05,0,0,0,0,0,0,0,0,0,0,0,0,0,0.02,0,0,0,0,0,0,0,0.15,0,0,0.01,0.03,0,0,0,0,0,0.01,0,0,0.05,0,0,0,0,0.1,0,0,0,0,0,0,0,0,0.02,0,0,0.1,0,0,0,0,0,0,0,0,0,0,0,0,0,0,0,0,0,0,0,0,0,0,0
77,6,2674960,5,1159049,5,2563,120,"SE",3,80,"E","flat",FALSE,25,43.6625,54,"Ns","unter Nardus im Schneetälchen",2020-09-19 07:50:00,3.89,3.2,87.9,24.7,1.8,13.8,-23.03,2.2,0.0888,19.1501,19.0613,11.7849,0.0888,0.8426,26273.143,9648.0984,13833.6206,12078.4422,5808.0984,7677.433,0,2019-11-02 01:00:00,63,2020-06-25 11:00:00,299,2020-06-25 11:00:00,299,2020-09-24 23:00:00,390,236,91,0,130,87,1.35,2.4,4.2,3.75,3.88888888888889,2.3,0,0.55,0,0,0,0,0,0.02,0,0,0,0.04,0,0,0,0,0,0.2,0,0,0.02,0,0,0,0,0,0,0,0,0,0,0,0,0.01,0,0.01,0,0,0,0,0,0,0,0,0,0,0,0,0,0,0,0,0,0,0,0,0,0,0,0,0.05,0,0,0,0,0,0,0,0,0,0,0,0,0,0,0,0,0.01,0,0,0,0,0,0,0.02,0
78,6,2674960,5,1159049,5,2563,120,"SE",2,81,"E","flat",FALSE,37,51.3125,NA,"Con","Kontrolle zu 77",2020-09-19 07:55:00,3.81,5,89.4,46.7,3.2,14.7,-23.18,1.8,0.1089,22.343,22.2341,15.7216,0.1089,0.7987,27166.7252,10087.2126,14286.0702,13055.2026,6247.987,8109.7656,0,2019-11-02 01:00:00,63,2020-06-25 11:00:00,299,2020-06-25 11:00:00,299,2020-09-24 23:00:00,390,236,91,0,129,84,1.27777777777778,2.22222222222222,4.33333333333333,3.72222222222222,4,2,0,0.15,0,0,0,0,0,0.05,0,0,0,0.03,0,0,0,0,0,0.5,0,0,0.02,0,0,0,0,0,0,0,0,0,0,0,0,0,0,0.01,0,0,0,0,0,0,0,0,0.01,0,0,0,0,0,0,0,0,0,0,0,0,0,0,0,0,0,0,0,0,0,0,0,0,0,0,0,0,0,0,0,0,0.03,0,0,0,0,0,0,0.05,0
79,6,2674960,5,1159049,5,2563,120,"SE",16,356,"N","concave",FALSE,9.67,50.82,54,"Ns","Nardus",2020-09-19 08:20:00,3.67,5.4,123.1,34.5,2.5,13.9,-22.31,3.52,0.0993,20.7143,20.615,14.6675,0.0993,2.2386,24050.2874,9232.84,13106.5656,10898.4144,5399.3094,7368.717,0,2019-11-02 01:00:00,63,2020-06-30 15:00:00,304,2020-06-30 15:00:00,304,2020-09-24 23:00:00,390,241,86,0,122,81,1.4375,2.5,4.25,3.5,3.33333333333333,2.25,0,0.2,0,0,0,0,0,0.1,0,0,0.01,0,0,0,0,0,0,0.1,0,0,0,0,0,0,0,0,0,0,0,0,0,0,0,0,0,0.01,0,0,0,0,0,0,0.01,0,0,0,0,0,0,0,0,0,0,0,0,0,0,0,0,0,0.05,0,0,0,0,0,0,0,0,0,0,0,0,0,0,0,0,0.5,0,0,0,0,0,0,0,0
80,6,2674960,5,1159049,5,2563,120,"SE",22,7,"N","convex",FALSE,33.67,36.29,16,"Cc","Carex",2020-09-19 08:25:00,3.71,7.3,43.5,32.6,2.2,14.9,-23.96,1.79,0.1191,20.7135,20.5944,15.3597,0.1191,1.9603,24339.4566,9044.1812,14719.5642,11222.019,5236.8796,8172.3984,0,2019-11-02 01:00:00,63,2020-06-24 11:00:00,298,2020-06-24 11:00:00,298,2020-09-24 23:00:00,390,235,92,0,120,78,1.3,2.3,4.5,3.3,3.44444444444444,2.3,0.1,0,0,0,0,0,0,0.2,0,0,0,0,0,0,0,0,0,0,0,0,0,0,0,0,0.01,0,0,0,0,0,0,0,0,0.05,0,0,0,0,0,0,0,0,0.03,0,0.01,0,0,0,0,0,0,0,0,0,0,0,0,0,0,0,0.02,0,0,0,0,0,0,0,0,0,0.3,0,0,0,0,0,0,0.15,0,0,0,0,0,0,0.03,0
81,6,2674960,5,1159049,5,2563,120,"SE",25,12,"N","concave",FALSE,11.33,33.74,NA,"Con","Kontrolle zu 80",2020-09-19 08:30:00,3.61,7.1,102.6,28.7,2,14.3,-24.04,2.22,0.2109,17.543,17.3321,11.0512,0.2109,3.115,25632.8464,8823.201,14780.0894,10632.2086,4984.9622,7763.2104,0,2019-11-02 01:00:00,63,2020-06-24 09:00:00,298,2020-06-24 09:00:00,298,2020-09-24 23:00:00,390,235,92,0,135,82,1.33333333333333,2.33333333333333,4.44444444444444,3.27777777777778,3.5,2.33333333333333,0.02,0,0,0,0,0,0,0.7,0,0,0,0,0,0,0,0,0,0,0,0,0,0,0,0,0.01,0,0,0,0,0,0,0,0,0.02,0,0,0,0,0,0,0,0,0.05,0,0.01,0,0,0,0,0,0,0,0,0,0,0,0,0,0,0,0.02,0,0,0,0,0,0,0,0,0,0,0,0,0,0,0,0,0.1,0,0,0,0,0,0,0.02,0
82,6,2674960,5,1159049,5,2563,120,"SE",21,120,"SE","convex",FALSE,14.67,27.1714285714286,16,"Cc","Carex",2020-09-19 08:40:00,3.79,4,52,52.2,3.4,15.2,-25.12,3.49,-0.1957,27.4508,27.6465,21.4838,0.0559,0.1188,29998.898,9987.613,18207.2088,16527.1412,6253.3588,11087.2324,-187,2019-11-02 01:00:00,63,2020-06-14 11:00:00,288,2020-06-14 11:00:00,288,2020-09-24 23:00:00,390,225,102,0,130,96,1.22222222222222,2.11111111111111,4.66666666666667,3.11111111111111,3.22222222222222,2,0.5,0,0,0,0,0.03,0,0,0,0,0,0,0,0,0,0,0,0,0,0,0,0,0,0,0.01,0,0,0,0,0,0,0,0,0,0,0.01,0,0,0,0,0,0,0.04,0,0.03,0.07,0,0,0,0,0,0,0,0,0,0,0,0,0,0,0,0,0,0,0,0,0,0,0,0,0.1,0,0,0,0,0,0,0,0,0,0,0,0,0,0.01,0
83,6,2674960,5,1159049,5,2563,120,"SE",14,135,"SE","convex",FALSE,17.67,30.9428571428571,NA,"Con","Kontrolle zu 82",2020-09-19 08:50:00,3.76,3.5,55.7,41.2,2.8,14.8,-25.57,3.93,-0.1684,30.2478,30.4162,24.4865,0.0831,0.6967,NA,10544.7352,19061.5384,NA,6799.9452,11886.2206,-20.3204,2019-11-02 01:00:00,63,2020-06-15 09:00:00,289,2020-06-15 09:00:00,289,2020-09-24 23:00:00,390,226,101,0,NA,NA,1.26923076923077,2.30769230769231,4.53846153846154,3.30769230769231,3.33333333333333,2.23076923076923,0.3,0,0,0,0,0.07,0,0.1,0,0,0,0,0,0,0,0,0,0,0,0,0,0,0,0,0.01,0,0,0,0,0,0,0,0,0.01,0,0.03,0,0,0,0,0,0,0.04,0,0.03,0.07,0,0,0,0,0,0,0,0,0,0,0,0,0,0,0.02,0,0,0,0,0,0,0,0,0,0.07,0,0,0,0,0,0,0.02,0,0,0,0,0,0,0.01,0
84,6,2674960,5,1159049,5,2563,120,"SE",15,116,"SE","convex",FALSE,14,30.2,16,"Cc","Carex",2020-09-19 08:55:00,3.74,6.6,60.2,73.4,4.5,16.4,-25.68,2.58,-0.0896,24.2929,24.3825,17.8657,0.0363,0.414,29887.8408,9843.2058,17793.6582,15765.4168,6042.2028,10549.0118,-131.278,2019-11-02 01:00:00,63,2020-06-14 15:00:00,288,2020-06-14 15:00:00,288,2020-09-24 23:00:00,390,225,102,0,135,97,1.30769230769231,2.30769230769231,4.46153846153846,3.11538461538462,3.36363636363636,2.07692307692308,0.5,0,0,0,0,0,0,0.02,0,0,0.04,0,0,0,0,0,0,0,0,0,0,0,0,0,0.04,0,0,0,0,0,0,0,0,0,0,0.01,0,0,0,0,0,0,0.1,0,0.01,0.05,0,0,0,0,0.01,0,0,0,0,0,0,0,0,0.02,0.02,0,0,0,0,0,0,0,0,0,0.1,0,0,0,0,0,0,0.01,0,0,0,0,0,0,0,0
85,6,2674960,5,1159049,5,2563,120,"SE",10,119,"SE","convex",FALSE,12,27.0142857142857,NA,"Con","Kontrolle zu 84",2020-09-19 09:00:00,3.63,7.5,158.3,60.4,3.9,15.5,-24.64,2.82,-0.0705,23.0621,23.1326,17.4007,0.0549,0.8069,27751.5568,9472.9108,16899.2818,13869.5514,5679.3012,9789.7606,-30.3324,2019-11-02 01:00:00,63,2020-06-16 09:00:00,290,2020-06-16 09:00:00,290,2020-09-24 23:00:00,390,227,100,0,133,93,1.35,2.1,4.6,3.1,3.2,1.9,0.03,0,0,0,0,0,0,0,0,0,0,0,0,0,0,0,0,0,0,0,0,0,0,0,0.05,0,0,0,0,0,0,0.02,0,0,0,0.02,0,0,0,0,0,0,0.1,0,0.01,0.02,0,0,0,0,0,0,0,0,0,0,0,0,0,0.02,0,0,0,0,0,0,0,0,0,0,0.6,0,0,0,0,0,0,0.01,0,0,0,0,0,0,0,0
86,6,2674960,5,1159049,5,2563,120,"SE",11,136,"SE","flat",FALSE,28.33,27.0428571428571,54,"Ns","Nardus",2020-09-19 09:10:00,3.65,5.6,55.6,86.6,5.5,15.9,-25.69,1.36,0.0981,20.4631,20.365,12.1102,0.1609,2.9268,32929.82,10157.4504,18905.662,16377.1572,6327.536,10974.7586,0,2019-11-03 01:00:00,64,2020-06-13 07:00:00,287,2020-06-13 07:00:00,287,2020-09-24 23:00:00,390,223,103,0,146,106,1.42307692307692,2.30769230769231,4.38461538461539,3,3.18181818181818,2.15384615384615,0.2,0.4,0,0,0,0.01,0,0.07,0,0,0.03,0,0,0,0,0,0,0,0,0,0,0,0,0,0.01,0,0,0,0,0,0,0,0,0,0,0,0.03,0,0,0,0,0,0.1,0,0,0.05,0,0,0,0,0,0,0,0,0,0,0,0,0,0,0.02,0,0.01,0,0,0,0,0,0,0,0.02,0,0,0,0,0,0,0.01,0,0,0,0,0,0,0,0
87,6,2674960,5,1159049,5,2563,120,"SE",6,116,"SE","flat",FALSE,23.67,29.0928571428571,NA,"Con","Kontrolle zu 86",2020-09-19 09:15:00,3.74,6.7,74.8,53.2,3.5,15.3,-25.45,2.11,0.1813,24.4099,24.2286,16.5545,0.1813,2.4046,34574.61,10714.9996,20116.481,17902.2346,6894.6034,12042.2856,0,2019-11-02 01:00:00,63,2020-06-13 07:00:00,287,2020-06-13 07:00:00,287,2020-09-24 23:00:00,390,224,103,0,146,105,1.36666666666667,2.26666666666667,4.46666666666667,3.06666666666667,3.15384615384615,2.13333333333333,0.25,0.25,0,0,0,0.03,0,0.1,0,0,0.02,0,0,0,0,0,0,0,0,0,0,0,0,0,0.04,0,0,0,0,0,0,0,0,0,0,0.01,0.02,0,0,0,0,0,0.05,0,0.01,0.04,0,0,0,0,0,0,0,0,0,0,0,0,0,0,0.02,0,0.01,0,0,0,0,0,0,0,0.05,0,0,0,0,0,0,0.01,0,0,0,0,0,0,0,0
88,6,2674960,5,1159049,5,2563,120,"SE",16,144,"SE","convex",FALSE,21.67,27.3928571428571,16,"Cc","Carex",2020-09-19 09:45:00,3.72,5.8,95.3,65,4.2,15.5,-25.66,2.3,0.0595,28.1555,28.096,22.3729,0.1848,1.3456,34594.5264,10894.1992,20291.9342,19307.0762,7103.5924,12563.0728,0,2019-11-03 01:00:00,64,2020-06-13 13:00:00,287,2020-06-13 13:00:00,287,2020-09-24 23:00:00,390,223,103,0,140,105,1.29166666666667,2.33333333333333,4.5,3.04166666666667,3.18181818181818,2.08333333333333,0.45,0,0,0,0,0.05,0,0.07,0,0,0,0,0,0,0.05,0,0,0,0,0,0,0,0,0,0.01,0,0,0,0,0,0,0,0,0,0,0.02,0.05,0,0,0,0,0,0.07,0,0.01,0.04,0,0,0,0,0,0,0,0,0,0,0,0,0,0,0.02,0,0,0,0,0,0,0,0,0,0.05,0,0,0,0,0,0,0,0,0,0,0,0,0,0,0
89,7,2675022,5,1158871,5,2491,140,"SE",6,116,"SE","convex",TRUE,7.67,25.7,16,"Cc","Carex",2020-09-20 07:30:00,3.59,2.9,51.1,56.7,3.6,15.9,-24.9,3.79,-4.7815,23.3706,28.1521,18.7417,2.318,-4.7815,45536.058,10385.6794,30861.1676,22392.3954,6546.36,16551.0324,-3559.9386,2019-11-13 01:00:00,74,2019-12-25 01:00:00,116,2020-04-06 13:00:00,219,2020-09-24 23:00:00,390,42,274,85,213,164,1.54545454545455,2,4.09090909090909,2.5,3.4,1.81818181818182,0.65,0.04,0,0,0,0,0,0,0,0,0,0,0,0,0,0,0,0,0,0,0,0,0,0,0,0,0,0,0,0,0,0,0,0,0,0,0.05,0,0,0.01,0,0,0.01,0,0,0,0,0,0,0,0,0,0,0,0,0,0,0,0,0.01,0,0,0.04,0,0.03,0,0,0,0,0,0,0,0,0.01,0,0,0,0,0,0.02,0,0,0,0,0,0.07
90,7,2675022,5,1158871,5,2491,140,"SE",7,118,"SE","convex",TRUE,8.67,30.075,NA,"Con","Kontrolle zu 89; unter Potentilla",2020-09-20 07:35:00,3.76,1,30.7,51.2,3.3,15.7,-24.84,4.84,-5.0472,23.2165,28.2637,16.063,2.2612,-5.0472,45314.823,10476.4938,30649.1934,22169.972,6638.3868,16469.0928,-3796.809,2019-11-13 01:00:00,74,2019-12-27 21:00:00,118,2020-04-06 13:00:00,219,2020-09-24 23:00:00,390,44,272,85,214,157,1.45454545454545,2,4.18181818181818,2.54545454545455,3.4,1.81818181818182,0.2,0,0,0,0,0,0,0,0,0,0.01,0,0,0,0,0,0,0,0,0,0,0,0,0,0,0,0,0,0,0,0,0,0,0,0,0,0.05,0,0,0.01,0,0.07,0.02,0,0.01,0,0,0,0,0,0,0,0,0,0,0,0,0,0,0.01,0,0,0.25,0,0.02,0,0,0,0,0,0,0,0,0,0,0,0,0,0,0,0,0,0,0,0,0.03
91,7,2675022,5,1158871,5,2491,140,"SE",14,142,"SE","flat",FALSE,22.33,25.8875,16,"Cc","Carex",2020-09-20 07:40:00,3.46,11.4,65.9,201.8,12.1,16.6,-24.32,2.96,-2.893,19.7649,22.6579,9.8448,2.898,0.1296,43541.7454,9837.3092,27246.165,19049.546,5997.3092,13361.5,-1899.3122,2019-11-02 01:00:00,63,2020-04-13 13:00:00,226,2020-04-13 13:00:00,226,2020-09-24 23:00:00,390,163,164,63,237,160,1.375,2.25,4.125,2.625,3,2,0.7,0,0,0,0,0,0,0,0,0,0,0,0,0,0,0,0,0,0,0,0,0,0,0,0,0,0,0,0,0,0,0,0.03,0,0,0,0.02,0,0,0,0,0,0.02,0,0,0.03,0,0,0,0,0,0,0,0,0,0,0,0,0,0,0,0,0,0,0,0,0,0,0,0,0,0,0,0.01,0,0,0,0,0.03,0.1,0,0,0,0,0,0
92,7,2675022,5,1158871,5,2491,140,"SE",27,144,"SE","convex",FALSE,25,34.7625,54,"Ns","Nardus",2020-09-20 07:45:00,3.63,4.2,42.5,93,5.7,16.2,-24.81,4.33,-2.7763,22.5283,25.3046,15.7353,2.8853,0.0555,44955.715,10064.307,28159.2864,20542.2942,6224.307,14137.5636,-1522.4654,2019-11-03 01:00:00,64,2020-04-12 11:00:00,225,2020-04-12 11:00:00,225,2020-09-24 23:00:00,390,161,165,63,240,164,1.57142857142857,2.14285714285714,4.07142857142857,2.57142857142857,3.66666666666667,1.85714285714286,0.25,0.45,0,0,0,0,0,0,0,0,0,0,0.02,0,0.01,0,0,0,0,0,0,0,0,0,0,0,0,0,0,0,0,0,0,0,0,0,0.03,0,0,0,0,0,0,0,0,0.01,0,0,0,0,0.01,0,0,0,0,0,0,0,0,0.02,0,0,0.02,0,0.02,0,0,0,0,0,0,0,0,0.01,0,0,0,0,0.02,0.05,0,0,0,0,0,0.01
93,7,2675022,5,1158871,5,2491,140,"SE",21,142,"SE","concave",FALSE,22.33,50.7625,54,"Ns","Nardus",2020-09-20 07:50:00,3.51,6,64.7,200.1,12,16.7,-24.65,3.34,-0.603,19.8481,20.4511,10.3083,3.0494,0.216,NA,9839.4124,26677.8252,NA,5999.4124,13108.259,-249.966,2019-11-03 01:00:00,64,2020-04-17 11:00:00,230,2020-04-17 11:00:00,230,2020-09-24 23:00:00,390,166,160,7,NA,NA,1.55,2.1,4.1,2.8,3.25,2.1,0.02,0.6,0,0,0,0,0,0,0,0,0.01,0,0,0,0,0,0,0,0,0,0,0,0,0,0,0,0,0,0,0,0,0,0.04,0,0,0,0,0,0,0.01,0,0,0.01,0,0,0.05,0,0,0,0,0,0,0,0,0,0,0,0,0,0,0,0,0.02,0,0,0,0,0,0,0,0,0,0,0.01,0,0,0,0,0,0.15,0,0,0,0,0,0
94,7,2675022,5,1158871,5,2491,140,"SE",19,146,"SE","concave",FALSE,16.33,48.55,NA,"Con","Kontrolle zu 93",2020-09-20 07:55:00,3.62,4,80.6,126.9,8.2,15.4,-24.73,3.47,-0.7199,24.0622,24.7821,16.4385,2.1723,0.0977,44565.396,10145.9796,28181.4932,21072.254,6305.9796,14857.2626,-390.2786,2019-11-02 01:00:00,63,2020-04-15 13:00:00,228,2020-04-15 13:00:00,228,2020-09-24 23:00:00,390,165,162,14,254,152,1.54166666666667,2.08333333333333,4.08333333333333,2.66666666666667,3.4,2.08333333333333,0.03,0.4,0,0,0,0,0,0,0,0,0.03,0,0,0,0,0,0,0,0,0,0,0,0,0,0,0,0,0,0,0,0,0,0.07,0,0,0,0.02,0,0,0.01,0,0,0.02,0,0,0.03,0,0,0,0,0.01,0,0,0,0,0,0,0,0,0,0,0,0.06,0,0,0,0,0,0,0,0,0,0,0.03,0,0,0,0,0,0.1,0,0,0,0,0,0
95,7,2675022,5,1158871,5,2491,140,"SE",14,1,"N","concave",FALSE,16,48.3375,54,"Ns","Nardus",2020-09-20 08:00:00,3.6,21.6,67.7,79.4,5.3,15,-25.65,6.57,-0.9238,21.6507,22.5745,14.7226,2.2764,0.2059,39122.3196,9578.8234,25682.4524,17221.2792,5738.8234,12810.988,-765.289,2019-11-02 01:00:00,63,2020-04-18 11:00:00,231,2020-04-18 11:00:00,231,2020-09-24 23:00:00,390,168,159,52,215,135,1.75,2.41666666666667,3.83333333333333,2.875,3.4,2.08333333333333,0.05,0.4,0,0,0,0,0,0,0,0,0.1,0,0,0.02,0,0,0,0,0,0,0,0,0,0,0,0,0,0,0,0,0,0,0,0,0,0,0.1,0,0,0.06,0,0,0.02,0,0,0.03,0,0,0,0,0,0,0,0,0,0,0,0.03,0,0.01,0.03,0,0.02,0,0,0,0,0,0,0,0,0,0,0,0,0,0,0,0,0,0,0,0,0,0,0
96,7,2675022,5,1158871,5,2491,140,"SE",10,114,"SE","convex",TRUE,8,29.5875,16,"Cc","Carex",2020-09-20 08:05:00,3.65,3.5,58.6,79.8,4.7,17.1,-24.89,3.86,-4.6847,26.2852,30.9699,19.9874,1.3474,-4.6847,44648.4854,10524.4416,30680.3056,23034.7802,6704.0222,17156.5682,-3431.2866,2019-11-06 01:00:00,67,2019-12-25 21:00:00,116,2020-04-10 13:00:00,223,2020-09-24 23:00:00,390,49,274,85,208,155,1.33333333333333,1.88888888888889,4.44444444444444,2.5,3.44444444444444,1.77777777777778,0.45,0,0,0,0,0.02,0,0,0,0,0,0,0,0,0,0,0,0,0,0,0,0,0,0,0,0,0,0,0,0,0,0,0,0,0,0.01,0.04,0,0,0,0,0,0.01,0,0,0,0,0.04,0,0,0,0,0,0,0,0,0,0,0,0.01,0,0,0,0,0.02,0,0,0,0,0,0,0,0,0,0,0,0,0,0,0,0,0,0,0,0,0.02
97,8,2675359,5,1158975,5,2435,40,"NE",7,84,"E","convex",FALSE,22.33,42.1166666666667,54,"Ns","Nardus",2020-09-04 10:20:00,3.67,5.6,34.4,62.4,3.8,16.5,-25.52,5.15,-0.0475,22.5834,22.6309,13.0831,0.7724,0.2058,34049.353,10217.6202,20683.3152,16613.1094,6383.8254,11733.681,0,2019-11-03 01:00:00,64,2020-05-29 13:00:00,272,2020-05-29 13:00:00,272,2020-09-24 23:00:00,390,208,118,0,158,112,1.4375,2.1875,4.3125,3.125,3.28571428571429,2,0.15,0.2,0,0,0,0.01,0.05,0.03,0,0,0.05,0,0,0,0,0,0,0,0,0,0,0,0,0,0.07,0,0,0,0,0,0.01,0,0.01,0,0,0.01,0.15,0,0,0.01,0,0,0.07,0,0,0.07,0,0,0,0,0,0,0,0,0,0,0,0,0,0,0,0,0,0,0,0,0,0,0,0,0.02,0,0,0,0,0,0,0.01,0,0,0,0,0,0,0,0
98,8,2675359,5,1158975,5,2435,40,"NE",2,84,"E","flat",FALSE,18.67,43.9722222222222,16,"Cc","Carex",2020-09-04 10:45:00,3.59,5.8,38.8,68.3,3.9,17.3,-25.96,4.51,0.0885,24.1874,24.0989,17.1636,0.4654,0.1513,35962.3092,10734.9012,21374.2006,18088.5984,6899.9602,12445.5436,0,2019-11-03 01:00:00,64,2020-05-29 11:00:00,272,2020-05-29 11:00:00,272,2020-09-24 23:00:00,390,208,118,0,159,113,1.33333333333333,2.25,4.41666666666667,3.16666666666667,3.2,2.08333333333333,0.3,0,0,0,0,0,0.1,0.02,0,0,0.01,0,0,0,0,0,0,0,0,0,0,0,0,0,0.05,0,0,0,0,0,0,0,0.02,0,0,0.01,0.05,0,0,0,0,0,0.1,0,0,0.15,0,0,0,0,0,0,0,0,0,0,0,0,0,0,0,0,0,0,0,0,0,0,0,0,0.03,0,0,0,0,0,0,0.01,0,0,0,0,0,0,0,0
99,8,2675359,5,1158975,5,2435,40,"NE",2,70,"E","flat",FALSE,15,44.7833333333333,16,"Cc","Carex",2020-09-04 11:00:00,3.46,15.4,70.8,87.9,5,17.5,-26.09,3.87,0.1995,23.4798,23.2803,14.6637,0.1995,0.5139,35138.2958,10733.0188,20869.5,17656.1658,6895.3144,12229.303,0,2019-11-02 01:00:00,63,2020-06-02 11:00:00,276,2020-06-02 11:00:00,276,2020-09-24 23:00:00,390,213,114,0,157,106,1.375,2.25,4.33333333333333,3,3.18181818181818,2,0.4,0,0,0,0,0,0.02,0.01,0,0,0,0,0,0,0,0,0,0,0,0,0,0,0,0,0.01,0,0.1,0,0,0,0,0,0,0,0,0,0.03,0,0,0,0,0,0.15,0,0,0.15,0,0,0,0,0,0,0,0,0,0,0,0,0,0.01,0,0.01,0.01,0,0,0,0,0,0,0,0.01,0,0,0,0,0,0,0.02,0,0,0,0,0,0,0,0
100,8,2675359,5,1158975,5,2435,40,"NE",15,58,"NE","convex",FALSE,9,36.4428571428571,16,"Cc","Carex",2020-09-04 11:20:00,3.67,11.9,102.6,56,3.8,14.9,-25.71,5.03,0.0676,22.665,22.5974,14.8114,0.0676,3.4136,29457.0034,10137.9828,16886.5024,14809.1616,6305.394,10265.1918,0,2019-11-02 01:00:00,63,2020-06-23 11:00:00,297,2020-06-23 11:00:00,297,2020-09-24 23:00:00,390,234,93,0,130,93,1.35714285714286,2.14285714285714,4.42857142857143,3.10714285714286,3.15384615384615,2.07142857142857,0.3,0.05,0,0,0,0,0,0.07,0,0,0,0,0,0,0,0,0,0,0,0,0,0,0,0,0.03,0,0,0,0,0,0,0,0,0,0,0.07,0.02,0,0,0,0,0,0.05,0,0.03,0.15,0,0,0,0.01,0,0,0,0,0,0,0,0,0,0,0,0.01,0.07,0,0,0,0,0,0,0,0.04,0,0,0,0,0,0,0.02,0,0,0,0,0,0,0,0
101,8,2675359,5,1158975,5,2435,40,"NE",5,70,"E","flat",FALSE,11.33,46.6,16,"Cc","Carex",2020-09-04 11:40:00,3.69,17.5,29.3,37.3,2.8,13.2,-25.01,4.17,0.1754,20.7677,20.5923,13.8407,0.1754,3.86,28917.9182,9888.6712,15155.6344,13494.8822,6051.4986,8805.975,0,2019-11-02 01:00:00,63,2020-06-28 11:00:00,302,2020-06-28 11:00:00,302,2020-09-24 23:00:00,390,239,88,0,133,88,1.34615384615385,2.23076923076923,4.38461538461539,3.26923076923077,3.36363636363636,2.07692307692308,0.15,0.05,0,0,0,0,0,0.04,0,0,0.01,0,0,0,0,0,0,0.1,0,0,0,0,0,0,0,0,0,0,0,0,0,0,0,0,0,0.02,0.02,0,0,0,0,0,0.05,0,0.01,0.45,0,0,0,0,0,0,0,0,0,0,0,0,0,0,0,0,0,0,0,0,0,0,0,0,0.01,0,0,0,0,0,0,0.02,0,0,0,0,0,0,0.01,0
102,8,2675359,5,1158975,5,2435,40,"NE",12,44,"NE","flat",FALSE,13,64.84,54,"Ns","Nardus",2020-09-04 11:55:00,3.62,8,35.1,58.8,3.7,15.8,-24.88,5.33,0.1412,18.7774,18.6362,10.7178,0.1412,4.0534,27403.4482,9634.5048,13656.6032,12139.242,5794.767,7758.4414,0,2019-11-02 01:00:00,63,2020-07-01 09:00:00,305,2020-07-01 09:00:00,305,2020-09-24 23:00:00,390,242,85,0,135,87,1.35,2.3,4.4,3.3,3.25,2.1,0.04,0.3,0,0,0,0,0,0.45,0,0,0.01,0,0,0,0,0,0,0.02,0,0,0,0,0,0,0,0,0,0,0,0,0,0,0,0,0,0.02,0,0,0,0,0,0,0.02,0,0.01,0.1,0,0,0,0,0,0,0,0,0,0,0,0,0,0,0,0,0,0,0,0,0,0,0,0,0,0,0,0,0,0,0,0.01,0,0,0,0,0,0,0,0
103,8,2675359,5,1158975,5,2435,40,"NE",8,30,"NE","flat",FALSE,24.33,68.69,54,"Ns","Nardus",2020-09-04 12:05:00,3.58,6.9,57.1,146.9,9.2,15.9,-24.45,5.32,0.0348,NA,NA,6.2814,0.0348,NA,NA,NA,NA,NA,NA,NA,NA,2019-11-02 01:00:00,63,2020-07-01 13:00:00,305,2020-07-01 13:00:00,305,2020-09-24 23:00:00,390,242,85,0,NA,NA,1.44444444444444,2.55555555555556,4.22222222222222,3.72222222222222,3.57142857142857,2.11111111111111,0,0.45,0,0,0,0,0,0.2,0,0,0,0,0,0,0,0,0,0.07,0,0,0,0,0,0,0,0,0,0,0,0,0,0,0,0,0,0.01,0,0,0,0,0,0,0,0,0,0.2,0,0,0,0,0,0,0,0,0,0,0.01,0,0,0,0.01,0,0,0,0,0,0,0,0,0,0,0,0,0,0,0,0,0.04,0,0,0,0,0,0,0.01,0
104,8,2675359,5,1158975,5,2435,40,"NE",10,52,"NE","flat",FALSE,21,69.85,NA,"Con","Kontrolle zu 103",2020-09-04 12:20:00,3.79,4.1,101.1,124.1,7.8,15.8,-24.32,4.49,0.0959,20.5183,20.4224,14.8654,0.0959,3.5246,27034.7932,9576.7862,13663.4924,12193.2426,5736.7862,7885.2104,0,2019-11-02 01:00:00,63,2020-07-01 13:00:00,305,2020-07-01 13:00:00,305,2020-09-24 23:00:00,390,242,85,0,133,86,1.42307692307692,2.38461538461538,4.23076923076923,3.5,3.4,2.23076923076923,0,0.15,0,0,0,0,0,0.5,0,0,0.02,0,0,0,0,0,0,0.05,0,0,0,0,0,0,0,0,0,0,0,0.02,0,0,0,0,0,0.01,0.05,0,0,0,0,0,0,0,0.01,0.1,0,0,0,0,0,0,0,0,0,0,0.01,0,0,0,0.03,0,0,0,0,0,0,0,0,0,0,0,0,0,0,0,0,0.03,0,0,0,0,0,0,0.01,0
105,9,2675584,5,1159145,5,2406,45,"NE",13,26,"NE","flat",FALSE,33,29.975,16,"Cc","Carex",2020-09-20 09:30:00,3.82,9.5,64.5,42.3,3,13.9,-25.49,2.84,0.1136,21.6347,21.5211,14.1116,0.1136,3.6946,29765.964,10052.6858,16705.5612,14496.2752,6218.3802,10017.3366,0,2019-11-02 01:00:00,63,2020-06-24 11:00:00,298,2020-06-24 11:00:00,298,2020-09-24 23:00:00,390,235,92,0,134,92,1.34615384615385,2.30769230769231,4.38461538461539,3.26923076923077,3.36363636363636,2.15384615384615,0.25,0,0,0,0,0,0,0.05,0,0,0.03,0,0,0,0,0,0,0,0,0,0,0,0,0,0.03,0,0,0,0,0,0,0,0.1,0,0,0.01,0,0,0,0.02,0,0,0.05,0,0.01,0.15,0,0,0,0,0,0,0,0,0,0,0,0,0,0,0.04,0,0,0,0,0,0,0,0,0,0.07,0,0,0,0,0,0,0.15,0,0,0,0,0,0,0,0
106,9,2675584,5,1159145,5,2406,45,"NE",11,23,"NE","concave",FALSE,28.33,35.4785714285714,54,"Ns","Nardus",2020-09-20 09:35:00,3.84,2.5,82.1,48.8,3.2,15.2,-25.68,2.33,0.1528,19.9567,19.8039,12.0836,0.1528,4.4906,29290.3184,9845.7902,16031.6534,13721.5414,6006.0568,9356.2162,0,2019-11-02 01:00:00,63,2020-06-24 11:00:00,298,2020-06-24 11:00:00,298,2020-09-24 23:00:00,390,235,92,0,135,95,1.39285714285714,2.28571428571429,4.42857142857143,3.28571428571429,3.33333333333333,2.14285714285714,0.15,0.25,0,0,0,0,0,0.3,0,0,0.01,0,0,0,0,0,0,0,0,0,0,0,0,0,0.02,0,0,0,0,0,0,0,0.03,0,0,0.01,0,0,0,0,0,0,0.03,0,0.03,0.02,0,0,0,0,0,0,0,0,0,0,0,0,0,0,0.01,0,0,0,0,0,0,0,0,0,0.04,0,0,0,0,0,0,0.04,0,0,0,0,0,0,0.01,0
107,9,2675584,5,1159145,5,2406,45,"NE",13,32,"NE","flat",FALSE,22,28.7857142857143,16,"Cc","Carex",2020-09-20 09:40:00,3.71,9.5,74.8,40.5,2.6,15.4,-26.09,1.75,0.1135,22.9229,22.8094,15.2927,0.1762,3.9945,29706.847,10095.6214,16412.2848,14302.4356,6259.3932,9829.6068,0,2019-11-02 01:00:00,63,2020-06-25 11:00:00,299,2020-06-25 11:00:00,299,2020-09-24 23:00:00,390,236,91,0,134,93,1.41666666666667,2.33333333333333,4.41666666666667,3.25,3.4,2.16666666666667,0.25,0.02,0,0,0,0,0,0.45,0,0,0.05,0,0,0,0,0,0,0,0,0,0,0,0,0,0.01,0,0,0,0,0,0,0,0,0,0,0,0,0,0,0,0,0,0.02,0,0.01,0.07,0,0,0,0,0,0,0,0,0,0,0,0,0,0,0.02,0,0,0,0,0,0,0,0,0,0.04,0,0,0,0,0,0,0.03,0,0,0,0,0,0,0.01,0
108,9,2675584,5,1159145,5,2406,45,"NE",22,29,"NE","flat",FALSE,18,33.3285714285714,16,"Cc","Carex",2020-09-20 09:45:00,3.78,6.6,82.9,35.5,2.5,14.1,-25.43,3.12,0.1222,21.9049,21.7827,13.8499,0.1848,3.2294,27808.943,9699.335,15275.1508,12895.9268,5868.6022,8907.7402,0,2019-11-02 01:00:00,63,2020-06-27 09:00:00,301,2020-06-27 09:00:00,301,2020-09-24 23:00:00,390,238,89,0,130,90,1.375,2.41666666666667,4.33333333333333,3.5,3.44444444444444,2.16666666666667,0.05,0.04,0,0,0,0,0,0.25,0,0,0.03,0,0,0,0,0,0,0.04,0,0,0,0,0,0,0,0,0,0,0,0,0,0,0,0,0,0.03,0,0,0,0,0,0,0,0,0,0.15,0,0,0,0,0,0,0,0,0,0,0.02,0,0,0,0.02,0,0,0,0,0,0,0,0,0,0.1,0,0,0,0,0,0,0.08,0,0,0,0,0,0,0.02,0
109,9,2675584,5,1159145,5,2406,45,"NE",38,58,"NE","concave",FALSE,23.33,46.6785714285714,54,"Ns","Nardus",2020-09-20 09:50:00,3.76,6.6,49.8,74.2,4.8,15.5,-26.47,2.06,0.1204,20.3633,20.2429,12.9005,0.1204,4.3339,27527.1628,9561.6712,14736.778,12635.2504,5721.6712,8561.2992,0,2019-11-02 01:00:00,63,2020-06-27 19:00:00,301,2020-06-27 19:00:00,301,2020-09-24 23:00:00,390,238,89,0,133,89,1.41666666666667,2.58333333333333,4.25,3.58333333333333,3.4,2.16666666666667,0,0.08,0,0,0,0,0,0.07,0,0,0,0,0,0,0,0,0,0.04,0,0,0,0.08,0,0,0,0,0,0,0,0,0,0,0,0,0,0.01,0,0,0,0,0,0,0.01,0,0.01,0.5,0,0,0,0,0,0,0,0,0,0,0.05,0,0,0,0.04,0,0,0,0,0,0,0,0,0,0,0,0,0,0,0,0,0.08,0,0,0,0,0,0,0.01,0
110,9,2675584,5,1159145,5,2406,45,"NE",17,63,"NE","flat",FALSE,7,42.5416666666667,54,"Ns","Nardus",2020-09-20 09:55:00,3.91,6.4,83.5,60.4,4.3,14,-25.34,3.31,0.1528,22.7494,22.5966,15.4739,0.1528,3.5835,NA,9929.126,NA,NA,6095.2414,NA,0,2019-11-02 01:00:00,63,2020-06-30 09:00:00,304,2020-06-30 09:00:00,304,2020-09-24 23:00:00,390,241,86,0,NA,NA,1.44444444444444,2.5,4.11111111111111,3.38888888888889,3.26666666666667,2.22222222222222,0,0.25,0,0,0,0,0,0.02,0.01,0,0.03,0,0,0,0,0,0,0.05,0,0,0,0.01,0,0.01,0.01,0,0,0,0,0,0,0,0.02,0,0,0.02,0,0,0,0,0,0,0.05,0,0,0.35,0,0,0,0.05,0,0,0,0,0,0,0,0,0,0,0.04,0,0.01,0,0,0,0,0,0.01,0,0,0,0,0,0,0.01,0,0.03,0,0,0,0,0,0,0.02,0
111,10,2675723,5,1159380,5,2371,77,"E",29,154,"SE","convex",TRUE,16,46.9363636363636,16,"Cc","Carex; bei 60 cm",2020-09-08 15:30:00,3.61,12.5,32.2,86.9,5.7,15.2,-24.93,4.82,-5.7336,20.8447,26.5783,13.6586,3.1743,-5.7336,47978.3722,10206.305,30671.6236,21997.5594,6366.305,15051.5088,-3899.1818,2019-11-06 01:00:00,67,2019-12-08 05:00:00,99,2020-03-17 13:00:00,199,2020-09-24 23:00:00,390,32,291,89,254,185,1.5,2,4.11111111111111,2.55555555555556,3.5,2,0.35,0,0,0,0,0,0,0,0,0.01,0.03,0,0.05,0,0,0,0,0,0,0,0,0,0,0,0,0,0,0,0,0,0,0,0.02,0,0,0,0.08,0,0,0,0,0,0,0,0,0,0,0,0,0,0,0,0,0,0,0,0,0,0,0,0,0,0,0,0,0,0,0,0,0,0,0,0,0,0,0,0,0,0,0.03,0,0,0,0.1,0,0.01
112,10,2675723,5,1159380,5,2371,77,"E",32,152,"SE","convex",TRUE,15.33,47.8772727272727,NA,"Con","Kontrolle zu 111; unter Vaccinium vitis-idaea",2020-09-08 15:35:00,3.76,6.4,24.9,80.1,4.9,16.2,-25.12,4.59,-5.9115,25.5703,31.4818,19.2584,2.959,-5.9115,52620.6534,11029.101,34658.0856,26534.9648,7189.101,18824.5874,-3759.599,2019-11-06 01:00:00,67,2019-12-08 21:00:00,99,2020-03-15 11:00:00,197,2020-09-24 23:00:00,390,32,291,85,256,188,1.5,2,4.125,2.5,3.57142857142857,2,0.3,0,0,0,0,0,0,0,0,0.01,0.1,0,0.15,0,0,0,0,0,0,0,0,0,0,0,0,0,0,0,0,0,0,0,0,0,0,0,0.03,0,0,0,0,0,0,0,0,0,0,0,0,0,0,0,0,0,0,0,0,0,0,0,0,0,0,0,0,0,0,0,0,0,0,0,0,0,0,0,0,0,0,0.2,0,0,0,0.1,0,0.01
113,10,2675723,5,1159380,5,2371,77,"E",12,153,"SE","convex",TRUE,18.67,42.7772727272727,16,"Cc","Carex; bei 140 cm; Windkante",2020-09-08 15:40:00,3.72,17.2,32.2,97.1,6.3,15.4,-24.31,4.16,-6.7164,24.5312,31.2476,14.2725,2.9998,-6.7164,48472.371,10879.7676,31852.5252,23540.369,7039.7676,16867.7142,-5537.8856,2019-11-06 01:00:00,67,2019-12-21 19:00:00,112,2020-03-19 13:00:00,201,2020-09-24 23:00:00,390,45,278,85,240,173,1.57142857142857,2,4.28571428571429,2.42857142857143,3.57142857142857,1.57142857142857,0.45,0,0,0,0,0,0,0,0,0,0,0,0.02,0,0,0,0,0,0,0,0,0,0,0,0,0,0,0,0,0,0,0,0,0,0,0,0.08,0,0,0,0,0.02,0,0,0,0,0,0,0,0,0,0,0,0,0,0,0,0,0,0.03,0,0,0,0,0,0,0,0,0,0,0,0,0,0,0,0,0,0,0,0.15,0,0,0,0.07,0,0
114,10,2675723,5,1159380,5,2371,77,"E",9,136,"SE","convex",TRUE,11.33,39.15,NA,"Con","Kontrolle zu 113; unter Vaccinium und Trifolium",2020-09-08 15:45:00,3.84,4.4,33.7,74.4,4.6,16.2,-25.42,2.45,-6.8827,23.3842,30.2669,15.2277,3.0646,-6.8827,NA,NA,NA,NA,NA,NA,NA,2019-11-06 01:00:00,67,2019-12-21 19:00:00,112,2020-03-17 13:00:00,199,2020-09-24 23:00:00,390,45,278,81,NA,NA,1.4375,1.875,4.5,2.3125,3.25,1.625,0.06,0,0,0,0,0.02,0,0,0,0,0,0,0,0,0,0,0,0,0,0,0,0,0,0,0,0,0,0,0,0,0,0,0,0,0,0,0.04,0,0,0,0,0.01,0,0,0,0,0,0,0,0,0,0.01,0,0,0,0,0,0,0,0.03,0,0,0,0,0,0,0,0,0,0,0,0,0,0,0,0,0,0,0,0.5,0,0,0,0.07,0,0
115,10,2675723,5,1159380,5,2371,77,"E",5,60,"NE","flat",TRUE,15.33,53.6409090909091,16,"Cc","Carex; bei 240 cm; Windkante; ca. 30cm vom Massband weg)",2020-09-08 15:50:00,3.52,24.2,51.1,104.1,5.4,19.1,-24.5,3.18,-5.5211,21.503,27.0241,13.0317,2.8933,-5.5211,43699.9666,10156.2304,28181.137,19932.5162,6316.2304,14313.0608,-4775.9164,2019-11-02 01:00:00,63,2019-12-28 19:00:00,119,2020-04-04 15:00:00,217,2020-09-24 23:00:00,390,56,271,79,236,157,1.5,1.8,4.4,2.2,3.8,1.8,0.4,0,0,0,0,0,0,0,0,0,0,0,0,0,0,0,0,0,0,0,0,0,0,0,0,0,0,0,0,0,0,0,0,0,0,0,0.05,0,0,0,0,0,0,0,0,0,0,0.1,0,0,0,0,0,0,0,0,0,0,0,0,0,0,0,0,0,0,0,0,0,0,0,0,0,0,0,0,0,0,0,0.15,0,0,0,0.07,0,0
116,10,2675723,5,1159380,5,2371,77,"E",6,70,"E","flat",TRUE,11.33,54.3454545454545,NA,"Con","Kontrolle zu 115; unter Trifolium",2020-09-08 15:55:00,3.65,17.2,41,99.2,5.5,17.9,-24.18,3.26,-5.6687,20.5255,26.1942,78.6932,2.0591,-5.6687,43818.2636,10241.057,28747.9376,20140.1476,6401.057,14765.0892,-4993.4686,2019-11-02 01:00:00,63,2019-12-28 19:00:00,119,2020-04-05 15:00:00,218,2020-09-24 23:00:00,390,56,271,83,230,154,1.42857142857143,2,4.28571428571429,2.21428571428571,3.28571428571429,1.42857142857143,0.03,0,0,0,0,0,0,0,0,0,0,0,0,0,0,0,0,0,0,0,0,0,0,0,0,0,0,0,0,0,0,0,0,0,0,0,0.05,0,0,0,0,0.02,0,0,0,0,0,0,0,0,0,0,0,0,0,0,0,0,0,0.01,0,0,0,0,0,0,0,0,0,0,0,0,0,0,0,0,0,0,0,0.3,0,0,0,0.04,0,0.01
117,10,2675723,5,1159380,5,2371,77,"E",22,20,"N","flat",FALSE,27.67,62.2363636363636,54,"Ns","Nardus; bei 520 cm",2020-09-08 16:00:00,3.41,16,52.8,92.1,5,18.3,-25.52,3.82,-0.436,16.8335,17.2695,6.0276,2.8333,0.0672,37171.7412,9563.0694,22951.7196,15816.8148,5723.0694,11674.2642,-263.4114,2019-11-02 01:00:00,63,2020-05-09 13:00:00,252,2020-05-09 13:00:00,252,2020-09-24 23:00:00,390,189,138,5,207,133,1.66666666666667,1.88888888888889,4.22222222222222,2.55555555555556,3.66666666666667,1.88888888888889,0.02,0.5,0,0,0,0,0,0,0,0,0,0,0,0,0,0,0,0,0,0,0,0,0,0,0.01,0,0,0,0,0,0,0,0,0,0,0,0.03,0,0,0.04,0,0,0.07,0,0,0,0,0.15,0,0,0,0,0,0,0,0,0,0,0,0,0,0,0,0,0,0,0,0,0,0,0,0,0,0,0,0,0,0,0,0.05,0,0,0,0.08,0,0
118,10,2675723,5,1159380,5,2371,77,"E",23,90,"E","convex",FALSE,27.67,55.5545454545455,16,"Cc","Carex; bei 630 cm; ca. 1m vom Massband weg; kleines Hügelchen",2020-09-08 16:05:00,3.41,11.6,88,216,11.5,18.8,-25.08,4.84,-0.4672,22.0907,22.5579,12.4209,2.1757,0.5398,39257.09,10390.179,24937.8056,18948.508,6550.179,13863.1714,-424.016,2019-11-03 01:00:00,64,2020-05-11 13:00:00,254,2020-05-11 13:00:00,254,2020-09-24 23:00:00,390,190,136,17,186,129,1.84615384615385,2,3.84615384615385,2.76923076923077,3.92307692307692,1.76923076923077,0.2,0.1,0,0,0,0,0,0,0,0,0,0,0,0.02,0.02,0,0,0,0,0,0,0,0,0,0.01,0,0,0,0,0,0,0,0,0,0,0,0.08,0,0,0.02,0.03,0,0.04,0,0,0.02,0,0.08,0,0,0,0,0,0,0,0,0,0,0,0,0,0,0,0,0,0,0,0,0,0,0,0,0,0,0,0,0,0,0,0,0,0,0.04,0.07,0,0
119,10,2675723,5,1159380,5,2371,77,"E",4,357,"N","flat",FALSE,7,60.5090909090909,54,"Ns","Nardus; bei 980 cm",2020-09-08 16:10:00,3.67,12.5,49.8,99.2,6.2,15.9,-25.81,2.78,0.1217,22.4638,22.3421,14.4521,0.752,0.815,36609.1114,10873.2002,22435.089,18633.8596,7035.1532,13349.575,0,2019-11-03 01:00:00,64,2020-05-31 11:00:00,274,2020-05-31 11:00:00,274,2020-09-24 23:00:00,390,210,116,0,159,113,1.5,2.17647058823529,4.17647058823529,3.05882352941176,3.25,2.05882352941176,0,0.6,0,0,0,0,0,0,0,0,0.08,0,0,0,0,0.01,0,0.03,0,0,0,0,0,0,0.01,0,0,0,0,0,0,0.02,0.02,0,0,0.01,0.02,0,0,0,0,0,0.05,0,0,0.03,0,0,0,0.02,0,0,0,0,0,0,0,0,0,0.02,0,0,0.01,0,0,0,0,0,0,0,0,0,0,0,0,0,0,0.01,0,0.02,0,0,0,0,0.01,0
120,10,2675723,5,1159380,5,2371,77,"E",9,43,"NE","flat",FALSE,17.67,83.815,54,"Ns","Nardus; bei 1230 cm; ca. 70 cm vom Massband weg",2020-09-08 16:15:00,3.74,15.6,48.3,38.8,3.1,12.6,-26.4,4.84,0.0977,20.7354,20.6377,11.655,0.0977,1.9838,34683.4756,10530.0112,19160.9858,16879.0776,6690.0112,11444.5424,0,2019-11-02 01:00:00,63,2020-06-13 13:00:00,287,2020-06-13 13:00:00,287,2020-09-24 23:00:00,390,224,103,0,159,104,1.5,2.5,4.16666666666667,3.66666666666667,3.5,2,0,0.6,0,0,0,0,0,0.2,0,0,0,0,0,0,0,0,0,0.1,0,0,0,0,0,0,0,0,0,0,0,0,0,0,0,0,0,0,0,0,0,0,0,0,0,0,0,0.05,0,0,0,0,0,0,0,0,0,0,0.01,0,0,0,0,0,0,0,0,0,0,0,0,0,0,0,0,0,0,0,0,0.02,0,0,0,0,0,0,0,0
121,11,2675928,5,1159508,5,2283,97,"E",45,120,"SE","convex",TRUE,12.67,17.64,16,"Cc","sehr exponierte Carex; Achtung Ameisenhaufen unter Horst",2020-09-08 07:45:00,3.7,14.8,60.1,96.6,5.9,16.3,-23.82,3.28,-5.7257,32.5222,38.2479,24.0934,1.5917,1.3686,43185.0848,11497.2644,25778.2062,24502.0216,7673.615,15621.7858,-3393.9106,2020-01-27 11:00:00,149,2020-05-20 11:00:00,263,2020-05-20 11:00:00,263,2020-09-24 23:00:00,390,114,127,105,169,145,1.21428571428571,2,4.42857142857143,2.42857142857143,3,1.71428571428571,0.3,0,0.01,0,0,0,0,0,0,0,0,0,0,0,0,0,0,0,0,0,0,0,0,0,0,0,0,0,0,0,0,0,0,0,0,0,0.05,0,0.02,0,0,0,0,0,0,0,0,0,0,0,0,0,0,0,0,0,0,0,0,0.03,0,0,0,0,0,0,0,0,0,0,0,0,0,0.05,0,0,0,0,0,0,0,0.2,0,0,0,0
122,11,2675928,5,1159508,5,2283,97,"E",44,137,"SE","convex",TRUE,10.33,17.85,16,"Cc","sehr exponierte Carex",2020-09-08 08:00:00,3.65,12.1,55.7,119.6,7.3,16.3,-24.68,2.18,-4.3934,30.4241,34.8175,21.555,1.4392,0.9545,42452.8806,11419.3674,25769.7066,23685.786,7595.8574,15518.1938,-2603.7438,2020-01-27 11:00:00,149,2020-05-19 09:00:00,262,2020-05-19 09:00:00,262,2020-09-24 23:00:00,390,113,128,96,170,142,1.4375,2.1875,4.375,2.4375,3,1.875,0.3,0,0.03,0,0,0,0,0,0,0,0,0,0,0,0,0,0,0,0,0,0,0,0,0,0,0,0,0,0,0,0,0,0,0,0,0,0.04,0,0.03,0,0,0,0,0,0,0,0,0,0.15,0,0,0,0,0,0,0,0,0,0,0.04,0,0,0,0,0,0,0,0,0,0,0,0,0,0.06,0,0,0,0,0,0,0,0.15,0,0,0,0
123,11,2675928,5,1159508,5,2283,97,"E",32,60,"NE","convex",TRUE,6,17.66,36,"Hv","Helictotrichon exponiert oben auf Stein",2020-09-08 08:40:00,3.46,8.6,130.5,61.1,3.9,15.7,-24.55,4.55,-7.2091,26.785,33.9941,17.1767,1.7762,1.7762,39318.117,10914.4924,25419.5338,20668.5096,7092.6712,14919.9794,-6258.258,2020-02-01 13:00:00,154,2020-05-17 07:00:00,260,2020-05-17 07:00:00,260,2020-09-24 23:00:00,390,106,130,128,171,132,1.33333333333333,2.22222222222222,4.22222222222222,2.72222222222222,3,1.88888888888889,0,0,0,0,0,0,0,0,0,0,0,0,0,0,0,0,0,0,0,0,0,0,0,0,0,0,0,0,0,0,0,0,0,0,0,0,0.05,0.02,0.02,0,0,0,0,0,0.02,0,0,0,0,0,0,0,0,0,0,0,0,0,0,0.02,0.03,0,0,0.1,0,0,0,0,0,0,0,0,0,0.04,0,0,0,0,0,0,0,0.2,0,0,0,0
124,11,2675928,5,1159508,5,2283,97,"E",26,113,"SE","convex",FALSE,17,32.28,16,"Cc","Carex",2020-09-08 08:50:00,3.74,3.8,167.1,43.2,2.6,16.5,-25.99,2.63,-0.5091,20.4631,20.9722,14.7526,2.513,1.5689,NA,NA,NA,NA,NA,NA,NA,2019-11-03 01:00:00,64,2020-05-25 07:00:00,268,2020-05-25 07:00:00,268,2020-09-24 23:00:00,390,204,122,8,NA,NA,1.5,2.18181818181818,4.27272727272727,2.81818181818182,3.18181818181818,2,0.35,0.05,0,0,0,0,0,0,0,0,0,0,0,0,0.02,0,0,0,0,0,0,0,0,0,0,0,0,0,0,0,0,0,0,0,0,0.02,0.02,0,0,0,0,0,0.04,0,0.02,0,0,0,0,0,0,0,0,0,0,0,0,0,0,0.02,0.01,0,0.05,0,0,0,0,0,0,0,0,0,0,0,0,0,0,0,0,0.25,0,0,0,0,0,0
125,11,2675928,5,1159508,5,2283,97,"E",37,122,"SE","flat",FALSE,17.67,35.18,54,"Ns","Nardus",2020-09-08 09:05:00,3.85,4.7,127.5,47.8,3.1,15.6,-26.5,3.19,-0.1332,22.012,22.1452,15.1813,2.8853,1.1877,NA,NA,NA,NA,NA,NA,NA,2019-11-03 01:00:00,64,2020-05-25 13:00:00,268,2020-05-25 13:00:00,268,2020-09-24 23:00:00,390,204,122,0,NA,NA,1.72222222222222,2.25,3.94444444444444,2.77777777777778,3.42857142857143,2.11111111111111,0.1,0.3,0,0,0,0,0,0,0,0,0.01,0,0,0,0.05,0,0,0,0,0,0,0,0,0,0.01,0,0,0.01,0,0,0,0,0.03,0,0.02,0,0.04,0,0,0,0,0,0.03,0,0,0.01,0,0,0.04,0,0,0,0,0,0,0,0,0,0,0,0.03,0,0.06,0,0,0,0,0,0,0,0,0,0,0.01,0,0,0,0,0,0.04,0,0.03,0.15,0,0,0
126,11,2675928,5,1159508,5,2283,97,"E",26,70,"E","convex",FALSE,24,23.48,16,"Cc","schöner Carex-Horst",2020-09-08 09:20:00,3.16,19.6,58.6,188.7,8.9,21.1,-25.28,4.13,NA,23.2281,NA,13.2782,2.4902,2.4902,NA,NA,NA,NA,NA,NA,NA,2019-11-06 01:00:00,67,2020-05-24 09:00:00,267,2020-05-24 09:00:00,267,2020-09-24 23:00:00,390,200,123,NA,NA,NA,1.55,2,3.8,2.75,3.75,1.8,0.35,0,0,0,0,0,0,0,0,0,0,0,0,0,0,0,0,0,0,0,0,0,0,0,0,0,0,0,0,0,0,0,0,0,0,0,0,0.06,0,0.01,0,0,0.01,0,0,0,0,0,0,0,0.01,0,0,0,0,0,0,0,0,0.01,0,0.01,0,0,0,0,0,0,0,0,0,0,0,0.02,0,0,0,0,0,0,0,0.25,0.25,0,0,0
127,11,2675928,5,1159508,5,2283,97,"E",24,71,"E","convex",FALSE,30.33,28.4666666666667,16,"Cc","Carex",2020-09-08 09:40:00,3.9,1.2,41,35,2.3,15.1,-25.2,5.11,-0.9616,25.7227,26.6843,14.9285,2.1128,0.1712,39902.9506,11300.2084,24616.085,21476.42,7465.4716,14851.921,-233.807,2019-11-06 01:00:00,67,2020-05-24 09:00:00,267,2020-05-24 09:00:00,267,2020-09-24 23:00:00,390,200,123,7,166,132,1.38888888888889,2.11111111111111,4.27777777777778,2.72222222222222,3.13333333333333,2,0.25,0.01,0,0,0,0.04,0,0,0,0,0.01,0,0,0,0,0,0,0,0,0,0,0,0,0,0.01,0,0,0,0,0,0,0,0,0,0,0.01,0.03,0,0.01,0,0,0,0.03,0,0,0,0,0,0,0,0.01,0,0,0,0,0,0,0,0,0.01,0.04,0.05,0.04,0,0,0,0,0,0,0,0.04,0,0,0,0,0,0,0,0,0.01,0,0.15,0,0,0,0.04
128,11,2675928,5,1159508,5,2283,97,"E",30,133,"SE","flat",FALSE,38.67,28.2666666666667,54,"Ns","Nardus (neben Gentiana)",2020-09-08 10:00:00,3.81,5.2,43.9,83.3,4.9,17,-26.33,4.9,-0.1822,29.627,29.8092,20.9074,2.1403,1.3244,41758.3404,11241.8052,23066.6,22297.9026,7401.8052,13603.0476,-25.5908,2019-11-06 01:00:00,67,2020-05-28 11:00:00,271,2020-05-28 11:00:00,271,2020-09-24 23:00:00,390,204,119,0,164,142,1.625,2.25,3.875,2.90625,3.57142857142857,1.9375,0.05,0.45,0,0,0,0,0,0,0,0,0.01,0,0.07,0,0.08,0,0,0,0,0,0,0,0,0,0,0,0,0,0,0,0,0.04,0.03,0,0,0,0,0,0,0,0,0,0.02,0,0,0.01,0,0,0,0,0.01,0,0,0,0,0,0,0,0,0,0.02,0,0.05,0,0,0,0,0,0,0,0,0,0,0,0,0.01,0,0,0,0,0,0.1,0.02,0,0,0.01
129,11,2675928,5,1159508,5,2283,97,"E",44,146,"SE","flat",FALSE,18.33,27.93,16,"Cc","Carex (direkt neben Nardus); nebenan hats Gentiana und oberhalb habe ich 10cm-Stein hingelegt",2020-09-08 10:30:00,3.86,2,36.6,37.7,2.5,14.9,-26.17,3,0.1486,24.66,24.5114,15.111,0.1486,4.2789,37454.4376,10936.4856,17376.0348,19522.8552,7096.4856,10710.9848,0,2019-11-03 01:00:00,64,2020-06-25 11:00:00,299,2020-06-25 11:00:00,299,2020-09-24 23:00:00,390,235,91,0,152,119,1.5,2.125,4.3125,2.96875,3.26666666666667,2.1875,0.15,0.3,0,0,0,0,0,0,0,0,0.05,0,0,0,0.04,0,0,0,0,0,0,0,0,0,0,0,0,0,0,0,0,0.1,0.03,0,0,0.02,0,0,0,0,0,0,0.03,0,0.01,0.01,0,0.04,0,0,0,0,0,0,0,0,0,0,0,0,0.04,0.02,0.04,0,0,0,0,0,0,0,0.01,0,0,0,0,0,0,0,0,0.08,0,0,0,0,0,0
130,11,2675928,5,1159508,5,2283,97,"E",33,98,"E","flat",FALSE,8.67,46.2375,54,"Ns","Nardus im Schneetälchen; ca. 1m von 30cm-Stein weg",2020-09-08 10:50:00,4.24,1.5,219.9,23.9,1.8,13.5,-26.05,1.81,0.0621,25.6875,25.6254,15.2902,0.0621,3.058,28456.829,10751.1642,11583.9946,14208.92,6913.0704,7106.9878,0,2019-11-03 01:00:00,64,2020-07-12 13:00:00,316,2020-07-12 13:00:00,316,2020-09-24 23:00:00,390,252,74,0,123,93,1.475,2.525,4.15,3.525,3.4,2.4,0,0.25,0,0,0,0,0,0.03,0.03,0,0.05,0,0,0,0,0,0,0.01,0,0,0.01,0.01,0,0.03,0,0,0,0,0,0,0,0,0,0,0,0.03,0,0,0,0,0,0,0,0,0.01,0.05,0,0,0.04,0.02,0,0,0,0,0,0,0.02,0,0,0,0.04,0,0.02,0,0,0,0,0.15,0,0.02,0.06,0,0,0,0,0,0,0.02,0,0,0,0,0,0,0.02,0
131,12,2676158,5,1159585,5,2199,58,"NE",23,39,"NE","convex",FALSE,27.33,46.3166666666667,16,"Cc","Carex (Wegrand)",2020-09-08 12:00:00,3.81,1.6,93.5,43.2,2.2,19.7,-25.92,3.95,-0.0807,23.0738,23.1545,14.7281,0.1081,0.9574,34581.5464,10344.512,21019.9822,17275.4964,6515.9424,12254.1632,-19.707,2019-11-04 01:00:00,65,2020-06-03 09:00:00,277,2020-06-03 09:00:00,277,2020-09-24 23:00:00,390,212,113,0,156,114,1.69444444444444,2.05555555555556,3.83333333333333,3.02777777777778,3.66666666666667,1.88888888888889,0.2,0.25,0,0,0,0,0,0,0,0,0.02,0,0.01,0.05,0,0,0,0.01,0,0,0,0,0,0,0.01,0,0.02,0,0,0,0,0,0,0,0,0,0.02,0.01,0,0.02,0.03,0,0.03,0,0,0,0,0,0,0,0,0,0,0,0,0,0.02,0,0,0,0,0,0.01,0,0,0,0,0,0,0,0,0,0,0,0,0,0,0.01,0,0.03,0,0.15,0.15,0,0,0
132,12,2676158,5,1159585,5,2199,58,"NE",27,30,"NE","convex",FALSE,17,42.5333333333333,16,"Cc","Carex (Wegrand)",2020-09-08 11:50:00,3.86,1.2,77.7,42.1,2.3,18.5,-25.83,3.65,0.0034,NA,NA,8.3318,0.1288,1.1945,NA,NA,NA,NA,NA,NA,NA,2019-11-04 01:00:00,65,2020-06-03 13:00:00,277,2020-06-03 13:00:00,277,2020-09-24 23:00:00,390,212,113,0,NA,NA,1.78125,2.1875,3.8125,2.90625,3.66666666666667,1.8125,0.15,0.15,0,0,0,0,0,0,0,0,0,0,0,0.15,0,0,0,0,0.04,0,0,0,0,0,0.02,0,0.03,0,0,0,0,0,0,0,0,0,0.01,0.02,0,0.01,0,0,0.02,0,0.01,0,0,0,0,0,0,0,0,0,0,0,0,0,0,0.02,0.02,0,0,0,0,0,0,0,0,0,0,0,0,0,0,0,0,0.01,0,0.2,0,0.06,0.03,0,0,0
133,12,2676158,5,1159585,5,2199,58,"NE",39,25,"NE","convex",FALSE,37.67,56.0333333333333,54,"Ns","Nardus",2020-09-08 12:05:00,3.92,4.6,161.2,47,3.3,14.3,-26.67,2.75,0.0566,NA,NA,8.7229,0.1823,0.9362,NA,NA,NA,NA,NA,NA,NA,2019-11-04 01:00:00,65,2020-06-06 11:00:00,280,2020-06-06 11:00:00,280,2020-09-24 23:00:00,390,215,110,0,NA,NA,1.55882352941176,2.23529411764706,4,3.11764705882353,3.4,2.17647058823529,0,0.35,0,0.01,0,0,0,0.01,0,0,0.07,0,0,0,0,0,0,0,0,0.01,0,0,0,0,0.02,0,0,0,0,0,0,0.03,0,0,0,0.01,0.02,0,0,0.04,0.01,0,0.03,0,0,0.04,0,0,0,0.01,0,0,0,0,0,0,0,0,0,0,0,0,0.02,0,0,0,0,0,0,0,0,0,0,0,0,0,0,0.02,0,0.15,0,0,0,0,0,0
134,12,2676158,5,1159585,5,2199,58,"NE",17,46,"NE","flat",FALSE,40.33,59.5333333333333,54,"Ns","Nardus",2020-09-08 12:20:00,3.99,1.6,178.8,37.2,2.7,13.7,-26.63,3.41,0.1622,20.4675,20.3053,12.2661,0.2251,1.4208,35663.312,10468.636,21358.8786,17074.3876,6628.636,12381.2,0,2019-11-04 01:00:00,65,2020-06-02 13:00:00,276,2020-06-02 13:00:00,276,2020-09-24 23:00:00,390,211,114,0,160,116,1.63333333333333,2.6,4,3.13333333333333,3.28571428571429,2.33333333333333,0,0.4,0,0,0,0,0.01,0,0,0,0.05,0,0,0,0,0.01,0,0,0,0,0,0,0,0,0.01,0,0.05,0,0,0,0,0,0,0,0,0,0.01,0,0,0,0.04,0,0.03,0,0,0.07,0,0,0,0.02,0,0,0,0,0,0.01,0,0,0,0,0.01,0,0.02,0,0,0,0.02,0,0,0,0,0,0,0,0,0,0,0.02,0,0,0,0,0,0,0,0
135,15,2674143,5,1158606,5,2485,210,"SW",25,227,"SW","convex",FALSE,9.67,25.9166666666667,16,"Cc","Carex",2020-09-09 14:05:00,3.57,6.2,27.8,82.6,6.1,13.6,-24.71,5.2,NA,26.6952,NA,17.9324,4.2591,4.2591,NA,NA,NA,NA,NA,NA,NA,2019-11-03 01:00:00,64,2020-04-12 11:00:00,225,2020-04-12 11:00:00,225,2020-09-24 23:00:00,390,161,165,NA,NA,NA,1.3,2,4.6,2.2,3,2.2,0.55,0,0,0,0.05,0,0,0,0,0,0,0,0,0,0,0,0,0,0,0,0,0,0,0,0,0,0,0,0,0,0,0,0,0,0,0,0,0,0.02,0,0,0,0,0,0,0,0,0,0,0,0,0,0,0,0,0,0,0,0,0.07,0,0,0,0,0,0,0,0,0,0,0,0,0,0,0,0,0,0,0,0.25,0,0,0,0,0,0
136,15,2674143,5,1158606,5,2485,210,"SW",20,234,"SW","convex",FALSE,7.33,27.6083333333333,NA,"Con","Kontrolle zu 135",2020-09-09 14:10:00,3.72,2,21.9,54.1,4.1,13.3,-24.69,4.67,-0.2785,24.9883,25.2668,16.1732,3.177,0.2243,NA,10321.9764,29011.6652,NA,6481.9764,15059.0006,-66.1116,2019-11-03 01:00:00,64,2020-04-12 11:00:00,225,2020-04-12 11:00:00,225,2020-09-24 23:00:00,390,161,165,0,NA,NA,1.3125,2,4.5,2.25,3,2.125,0.45,0,0,0,0.05,0,0,0,0,0,0,0,0,0,0,0,0,0,0,0,0,0,0,0,0,0,0,0,0,0,0,0,0,0,0,0,0.04,0,0.02,0,0,0,0.01,0,0,0,0,0,0,0,0,0,0,0,0,0,0,0,0,0.05,0,0,0,0,0,0,0,0,0,0,0,0,0,0.02,0,0,0,0,0,0.35,0,0,0,0,0,0
137,15,2674143,5,1158606,5,2485,210,"SW",28,220,"SW","convex",FALSE,9.67,25.975,16,"Cc","Carex",2020-09-09 14:15:00,3.55,4.4,27.8,67.2,5.1,13.1,-24.56,5.17,-0.2365,28.2004,28.4369,20.7285,2.9703,-0.2365,NA,10343.5876,29200.3528,NA,6505.3682,15230.0956,-13.8822,2019-11-03 01:00:00,64,2020-04-09 13:00:00,222,2020-04-09 13:00:00,222,2020-09-24 23:00:00,390,158,168,0,NA,NA,1.6875,2,4,2.4375,3.28571428571429,1.75,0.6,0.07,0,0,0,0,0,0,0,0,0,0,0,0.05,0,0,0,0,0,0,0,0,0,0,0,0,0,0,0,0,0,0,0,0,0,0,0.01,0,0,0,0,0,0.01,0,0,0,0,0,0,0,0,0,0,0,0,0,0,0,0,0.02,0,0,0,0,0,0,0,0,0,0,0,0,0,0.01,0,0,0,0,0,0.15,0,0,0,0,0,0
138,15,2674143,5,1158606,5,2485,210,"SW",18,217,"SW","convex",FALSE,8.33,27.05,NA,"Con","Kontrolle zu 137",2020-09-09 14:20:00,3.59,1.2,27.8,42.5,3.4,12.6,-24.86,5.11,0.0783,31.8799,31.8016,21.2042,3.6025,0.0783,NA,NA,NA,NA,NA,NA,NA,2019-11-03 01:00:00,64,2020-04-09 11:00:00,222,2020-04-09 11:00:00,222,2020-09-24 23:00:00,390,158,168,0,NA,NA,1.83333333333333,2,3.83333333333333,2.58333333333333,3.33333333333333,1.66666666666667,0.3,0.35,0,0,0,0,0,0,0,0,0,0,0,0.05,0,0,0,0,0,0,0,0,0,0,0,0,0,0,0,0,0,0,0,0,0,0,0,0,0,0,0,0,0.02,0,0,0,0,0,0,0,0,0,0,0,0,0,0,0,0,0.02,0,0,0,0,0,0,0,0,0,0,0,0,0,0,0,0,0,0,0,0.2,0,0,0,0,0,0
139,15,2674143,5,1158606,5,2485,210,"SW",22,182,"S","flat",FALSE,17.33,32.7,54,"Ns","Nardus",2020-09-09 14:35:00,3.48,13.2,39.6,74.6,5.3,14,-25.29,6.42,0.19,20.5183,20.3283,9.7755,3.8445,0.6943,46145.259,10286.7158,25729.2092,20776.1716,6446.7158,12729.656,0,2019-11-02 01:00:00,63,2020-04-23 17:00:00,236,2020-04-23 17:00:00,236,2020-09-24 23:00:00,390,173,154,0,240,168,1.6,2.4,4.2,2.8,3,2.4,0.05,0.75,0,0,0,0,0,0,0,0,0.03,0,0,0,0,0,0,0,0,0,0,0,0,0,0,0,0,0,0,0,0,0,0,0,0,0,0,0,0,0,0,0,0,0,0,0,0,0,0,0,0,0,0,0,0,0,0,0,0,0,0.02,0,0,0,0,0,0,0,0,0,0,0,0,0,0,0,0,0,0,0.15,0,0,0,0,0,0
140,15,2674143,5,1158606,5,2485,210,"SW",20,169,"S","flat",FALSE,10.67,30.2833333333333,NA,"Con","Kontrolle zu 139",2020-09-09 14:40:00,3.51,8.8,35.1,74.3,5.7,13.1,-24.93,6.44,0.152,25.875,25.723,16.3988,2.3506,0.4661,45900.0922,10602.7652,26260.2804,21730.7094,6762.7652,13823.7246,0,2019-11-03 01:00:00,64,2020-04-26 11:00:00,239,2020-04-26 11:00:00,239,2020-09-24 23:00:00,390,175,151,0,225,163,1.85714285714286,2,3.71428571428571,2.71428571428571,3.33333333333333,2,0.05,0.6,0,0,0,0,0,0,0,0,0.05,0,0,0.02,0,0,0,0,0,0,0,0,0,0,0,0,0,0,0,0,0,0,0,0,0,0,0,0,0,0,0,0,0.02,0,0,0,0,0,0,0,0,0,0,0,0,0,0,0,0.02,0,0,0,0,0,0,0,0,0,0,0,0,0,0,0,0,0,0,0,0,0.2,0,0,0,0,0,0
141,15,2674143,5,1158606,5,2485,210,"SW",26,195,"S","flat",FALSE,28.67,28.6,54,"Ns","Nardus",2020-09-09 14:50:00,3.49,7.1,24.9,60.7,4.6,13.2,-24.93,5.98,0.0787,22.4034,22.3247,10.4694,3.4738,0.7077,47085.1258,10519.3328,26548.0332,21877.0032,6679.3328,13484.2932,0,2019-11-03 01:00:00,64,2020-04-23 15:00:00,236,2020-04-23 15:00:00,236,2020-09-24 23:00:00,390,172,154,0,240,169,1.6,2,4.2,2.7,3,2.2,0.05,0.75,0,0,0,0,0,0,0,0,0.02,0,0,0,0,0,0,0,0,0,0,0,0,0,0,0,0,0,0,0,0,0,0,0,0,0,0,0,0,0,0,0,0.02,0,0,0,0,0,0,0,0,0,0,0,0,0,0,0,0,0,0,0,0,0,0,0,0,0,0,0,0,0,0,0,0,0,0,0,0,0.15,0,0,0,0,0,0
142,15,2674143,5,1158606,5,2485,210,"SW",12,168,"S","flat",FALSE,10,26.9833333333333,16,"Cc","Carex",2020-09-09 14:55:00,3.47,20.2,45.4,46.1,3.6,12.8,-25.25,5.29,0.1542,22.624,22.4698,11.1424,2.4724,1.2821,44357.108,10724.0136,25057.9,21890.0462,6884.0136,13940.012,0,2019-11-03 01:00:00,64,2020-05-14 11:00:00,257,2020-05-14 11:00:00,257,2020-09-24 23:00:00,390,193,133,0,199,151,1.57142857142857,2.28571428571429,4.14285714285714,2.78571428571429,3,2.28571428571429,0.2,0.5,0,0,0,0,0,0,0,0,0.05,0,0,0,0,0,0,0,0,0,0,0,0,0,0,0,0,0,0,0,0,0,0,0,0,0,0,0,0,0,0,0,0.02,0,0,0,0,0,0,0,0,0,0,0,0,0,0,0,0,0,0.01,0,0.02,0,0,0,0,0,0,0,0,0,0,0,0,0,0,0,0,0.15,0,0,0,0,0,0
143,14,2674166,5,1158779,5,2533,205,"SW",38,216,"SW","convex",FALSE,16.33,24.54,16,"Cc","Carex",2020-09-09 13:35:00,3.76,14.5,158.3,88.3,5.3,16.7,-25.73,1.93,0.0937,27.5503,27.4566,19.1877,1.7906,0.8479,40677.7528,10839.3616,22897.5902,21814.8482,7021.7306,13371.161,0,2019-11-03 01:00:00,64,2020-05-26 15:00:00,269,2020-05-26 15:00:00,269,2020-09-24 23:00:00,390,205,121,0,162,135,1.52777777777778,2.36111111111111,4.16666666666667,2.83333333333333,3.26666666666667,2.11111111111111,0.4,0.05,0,0,0,0,0,0.01,0,0,0,0,0,0,0.02,0,0,0,0,0,0,0,0,0,0,0,0,0,0,0,0.03,0,0.05,0.01,0,0,0.1,0,0,0,0,0,0.03,0,0.01,0.03,0,0,0.07,0,0.02,0,0,0,0,0,0,0,0,0.01,0.01,0,0.15,0,0,0,0,0,0,0,0,0,0,0.01,0,0.01,0,0,0,0,0,0,0,0,0,0
144,14,2674166,5,1158779,5,2533,205,"SW",20,219,"SW","flat",FALSE,7.67,35.76,16,"Cc","Carex",2020-09-09 13:40:00,3.85,23.8,199.3,77.3,5.3,14.6,-25.96,2,0.1081,26.6659,26.5578,18.3738,1.2411,0.3599,40173.4284,11073.4778,23222.6344,21394.8882,7247.486,13901.4534,0,2019-11-03 01:00:00,64,2020-05-27 15:00:00,270,2020-05-27 15:00:00,270,2020-09-24 23:00:00,390,206,120,0,163,126,1.57142857142857,2.53571428571429,4.07142857142857,2.89285714285714,3.22222222222222,2.21428571428571,0.2,0,0,0,0,0,0,0.02,0,0,0.05,0,0,0,0,0,0,0,0,0,0,0,0,0,0,0,0,0,0,0,0,0,0.05,0,0,0,0.25,0,0,0.03,0,0,0.03,0,0,0.03,0,0,0.05,0,0,0,0,0,0,0,0,0.05,0,0.02,0.05,0,0.01,0,0,0,0,0,0,0,0,0,0,0.01,0,0,0,0,0,0,0,0,0,0,0,0
145,14,2674166,5,1158779,5,2533,205,"SW",31,216,"SW","concave",FALSE,25,32.07,54,"Ns","Nardus",2020-09-09 13:05:00,3.71,8.8,181.8,38.8,2.6,15.1,-26.36,3.06,0.1541,NA,NA,15.1764,0.5938,1.159,NA,NA,NA,NA,NA,NA,NA,2019-11-03 01:00:00,64,2020-05-31 11:00:00,274,2020-05-31 11:00:00,274,2020-09-24 23:00:00,390,210,116,0,NA,NA,1.64705882352941,2.5,4.05882352941176,2.91176470588235,3.15384615384615,2.23529411764706,0.03,0.3,0,0,0,0,0,0.02,0,0,0.1,0,0,0,0.02,0,0,0,0,0,0,0,0,0,0,0,0,0,0.01,0,0.01,0,0.15,0,0,0,0.02,0,0,0,0,0,0.02,0,0,0.07,0,0,0.03,0,0,0,0,0.02,0,0,0,0.1,0,0.01,0.02,0,0.05,0,0,0,0,0,0,0,0,0,0,0,0,0,0,0,0,0,0,0,0,0,0,0
146,14,2674166,5,1158779,5,2533,205,"SW",43,192,"S","concave",FALSE,19.67,38.53,54,"Ns","Nardus",2020-09-09 13:15:00,3.76,8.6,146.5,53.3,3.5,15.4,-26.15,3.44,0.1204,22.7608,22.6404,15.2394,0.6229,0.3716,38437.5512,10343.6688,20915.9602,19301.275,6508.4226,11796.9006,0,2019-11-03 01:00:00,64,2020-05-29 15:00:00,272,2020-05-29 15:00:00,272,2020-09-24 23:00:00,390,208,118,0,163,127,1.58823529411765,2.38235294117647,4.17647058823529,2.88235294117647,3.30769230769231,2.11764705882353,0.15,0.15,0,0,0,0,0,0.02,0,0,0.1,0,0,0,0.02,0.01,0,0,0,0,0,0,0,0,0,0,0,0,0,0,0.05,0,0.05,0,0,0,0.1,0,0,0,0,0,0.02,0,0,0.05,0,0,0.1,0,0,0,0,0,0,0,0,0,0,0.01,0.1,0,0.02,0,0,0,0,0,0,0,0,0,0,0.01,0,0,0,0.01,0,0,0,0,0,0,0,0
147,14,2674166,5,1158779,5,2533,205,"SW",18,184,"S","convex",FALSE,10,33.18,16,"Cc","Carex",2020-09-09 13:25:00,3.76,11.5,211.1,57.1,3.6,15.7,-26.06,2.2,0.0689,24.75,24.6811,16.9915,0.6339,0.3201,39393.2106,10956.3702,22299.7846,21059.9572,7131.1118,13309.421,0,2019-11-03 01:00:00,64,2020-05-29 13:00:00,272,2020-05-29 13:00:00,272,2020-09-24 23:00:00,390,208,118,0,160,124,1.5625,2.53125,4.125,2.84375,3.18181818181818,2.1875,0.25,0,0,0,0,0,0,0.01,0,0,0.05,0,0,0,0.08,0.01,0,0,0,0,0,0,0,0,0,0,0,0,0,0,0.04,0,0.05,0,0,0,0.05,0,0,0,0,0,0.03,0,0,0.02,0,0,0.2,0,0,0,0,0,0,0,0,0.03,0,0.01,0.1,0,0.07,0,0,0,0,0,0,0,0,0,0,0.01,0,0,0,0,0,0,0,0,0,0,0,0
148,14,2674166,5,1158779,5,2533,205,"SW",32,212,"SW","flat",FALSE,9.67,40.42,54,"Ns","Nardus",2020-09-09 12:30:00,3.72,7.9,105.5,59.2,4,14.7,-26.03,4.41,0.0285,23.093,23.0645,15.2997,1.2218,0.4681,NA,10433.0694,21392.3792,NA,6593.0694,12281.4148,0,2019-11-03 01:00:00,64,2020-05-29 13:00:00,272,2020-05-29 13:00:00,272,2020-09-24 23:00:00,390,208,118,0,NA,NA,1.6,2.425,4.05,2.975,3.125,2.1,0.2,0.15,0,0,0,0,0.1,0.01,0,0,0.1,0,0,0,0,0,0,0,0,0,0,0,0,0,0.01,0,0,0,0,0,0.02,0,0.05,0,0.02,0,0.02,0,0,0,0.01,0,0.05,0,0,0.07,0,0,0.03,0.02,0,0,0,0,0,0,0,0.03,0,0.01,0.1,0,0.01,0,0,0,0,0,0,0,0,0,0,0,0,0,0,0,0,0.04,0,0,0,0,0,0
149,13,2674291,5,1158795,5,2595,220,"SW",62,221,"SW","convex",FALSE,39,32.73,16,"Cc","Carex",2020-09-09 08:15:00,3.63,7.3,86.5,97.7,5.7,17.1,-25.26,3.25,-0.2002,20.9062,21.1064,13.1588,2.4352,1.6196,36846.6252,9466.8642,20829.977,16705.8794,5630.6878,10111.9324,-4.61,2019-11-03 01:00:00,64,2020-05-16 11:00:00,259,2020-05-16 11:00:00,259,2020-09-24 23:00:00,390,195,131,0,173,141,1.5,2.1,4.1,2.85,3.22222222222222,1.9,0.5,0,0,0,0,0,0,0,0,0,0.01,0,0,0,0.02,0,0,0,0,0,0,0,0,0,0,0,0,0,0,0,0.02,0,0.1,0,0,0,0.1,0,0,0,0.03,0,0.02,0,0,0.05,0,0,0,0,0,0,0,0,0,0,0,0,0,0.01,0,0,0,0,0,0,0,0,0,0,0,0,0,0,0,0,0,0,0,0,0,0,0,0,0,0
150,13,2674291,5,1158795,5,2595,220,"SW",39,223,"SW","convex",FALSE,36.33,16.58,16,"Cc","Carex",2020-09-09 08:35:00,3.62,12.1,107.2,122.7,7,17.6,-25.52,3.16,-0.7981,28.5418,29.3399,23.3361,2.1437,1.2675,40404.775,10295.9606,23198.6278,20629.9046,6478.693,12697.8186,-39.3524,2019-11-03 01:00:00,64,2020-05-18 11:00:00,261,2020-05-18 11:00:00,261,2020-09-24 23:00:00,390,197,129,2,170,141,1.45,2.1,4.2,2.75,3.25,2,0.35,0,0,0,0,0,0,0,0,0,0.05,0,0,0,0.05,0,0,0,0,0,0,0,0,0,0,0,0,0,0,0,0,0,0.15,0,0,0,0.03,0,0,0,0.03,0,0.05,0,0,0.07,0,0,0,0,0,0,0,0,0,0,0,0,0,0.02,0,0,0,0,0,0,0,0,0,0,0,0,0,0.01,0,0,0,0,0,0,0,0,0,0,0,0
151,13,2674291,5,1158795,5,2595,220,"SW",38,215,"SW","flat",FALSE,25.33,35.68,54,"Ns","Nardus",2020-09-09 08:00:00,3.79,13,96.8,73.2,4.5,16.5,-26.28,3.51,0.1366,22.8412,22.7046,14.4139,1.96,1.0798,38925.9612,9976.6762,21323.5762,18191.1728,6139.5548,11138.3992,0,2019-11-03 01:00:00,64,2020-05-20 13:00:00,263,2020-05-20 13:00:00,263,2020-09-24 23:00:00,390,199,127,0,177,137,1.59090909090909,2.27272727272727,4.09090909090909,2.86363636363636,3.22222222222222,2.2,0.02,0.1,0,0,0,0,0,0,0,0,0.05,0,0,0,0.03,0.02,0,0,0,0,0,0,0,0,0,0.02,0,0,0,0,0,0,0.3,0,0,0,0.1,0,0,0,0.03,0,0.01,0,0,0.03,0,0,0,0,0,0,0,0,0,0,0,0,0,0,0,0,0,0,0,0,0,0,0,0,0,0,0,0,0,0,0,0,0,0,0,0,0,0,0,0
152,13,2674291,5,1158795,5,2595,220,"SW",44,232,"SW","flat",FALSE,50,27.62,54,"Ns","Nardus",2020-09-09 10:00:00,3.64,6.2,88,136,7,19.4,-25.69,3.5,0.2045,22.9659,22.7614,15.7497,2.6567,1.2736,39853.8494,10016.615,22116.7816,19200.8474,6179.7768,11810.6322,0,2019-11-03 01:00:00,64,2020-05-21 13:00:00,264,2020-05-21 13:00:00,264,2020-09-24 23:00:00,390,200,126,0,176,136,1.6,2.3,4.1,2.9,3,2.2,0.15,0.4,0,0,0,0,0,0,0,0,0.05,0,0,0,0,0,0,0,0,0,0,0,0,0,0,0,0,0,0,0,0,0,0.1,0,0,0,0.1,0,0,0,0.03,0,0.01,0,0,0.08,0,0,0,0,0,0,0,0,0,0,0,0.03,0,0,0,0,0.02,0,0,0,0,0,0,0,0,0,0,0,0,0,0,0,0,0,0,0,0,0,0,0
153,13,2674291,5,1158795,5,2595,220,"SW",43,223,"SW","flat",FALSE,46.33,27.42,16,"Cc","Carex",2020-09-09 09:45:00,3.75,5.1,76.2,77.7,4.4,17.6,-26.05,4.22,0.0913,24.1053,24.014,17.7788,1.6614,0.9078,38396.166,10113.8822,22041.5354,18900.0712,6296.093,12109.617,0,2019-11-03 01:00:00,64,2020-05-21 13:00:00,264,2020-05-21 13:00:00,264,2020-09-24 23:00:00,390,200,126,0,174,132,1.53571428571429,2.21428571428571,4.21428571428571,2.82142857142857,3.18181818181818,2.14285714285714,0.4,0.03,0,0,0,0,0,0,0,0,0.05,0,0,0,0.01,0,0,0,0,0,0,0,0,0,0,0,0,0,0,0,0,0,0.2,0,0,0,0.15,0,0,0,0.01,0,0.02,0,0.01,0.03,0,0,0,0,0,0,0,0,0,0,0,0.01,0,0,0,0,0.01,0,0,0,0,0,0,0,0,0,0,0.01,0,0,0,0,0,0.03,0,0,0,0,0,0
154,13,2674291,5,1158795,5,2595,220,"SW",42,243,"SW","convex",FALSE,31.33,47.44,54,"Ns","grosser Nardus-Horst; bei 290cm (etwa 30cm vom Massband weg)",2020-09-09 09:00:00,3.81,7.3,110.2,77.6,4.4,17.7,-26.73,2.72,0.1454,20.1239,19.9785,12.6138,1.7774,1.1497,35711.2304,9613.7226,20216.5128,16082.4956,5776.9944,10475.5748,0,2019-11-03 01:00:00,64,2020-05-25 15:00:00,268,2020-05-25 15:00:00,268,2020-09-24 23:00:00,390,204,122,0,174,124,1.5,2.5,4.14285714285714,3,3.18181818181818,2.21428571428571,0.07,0.3,0,0,0,0,0,0.03,0,0,0.15,0,0,0,0,0.01,0,0,0,0,0,0,0,0,0.01,0,0,0,0,0,0,0,0.1,0,0,0,0.07,0,0,0,0,0,0.03,0,0,0.07,0,0,0,0,0,0,0,0,0,0,0,0,0,0,0.03,0,0,0,0,0.03,0,0,0,0,0,0,0,0,0,0.01,0,0.02,0,0,0,0,0,0,0,0
155,13,2674291,5,1158795,5,2595,220,"SW",44,235,"SW","concave",FALSE,43.33,43.09,NA,"Con","Kontrolle zu 154; schräg links oben; unter Geum",2020-09-09 09:10:00,3.84,6.6,76.8,66.5,4.1,16.1,-26.53,4.07,0.0784,23.3119,23.2335,15.6658,1.5224,0.8946,36952.4496,9919.9626,21024.8772,17948.715,6091.137,11444.5248,0,2019-11-03 01:00:00,64,2020-05-25 13:00:00,268,2020-05-25 13:00:00,268,2020-09-24 23:00:00,390,204,122,0,169,126,1.46153846153846,2.30769230769231,4.30769230769231,2.96153846153846,3.2,2.23076923076923,0.07,0.03,0,0,0,0,0,0.02,0,0,0.1,0,0,0,0,0,0,0,0,0,0,0,0,0,0,0,0,0.01,0,0,0,0,0.35,0,0,0,0.15,0,0,0,0,0,0.05,0,0.02,0.04,0,0,0,0,0,0,0,0,0,0,0,0,0,0,0.03,0,0,0,0,0,0,0,0,0,0,0,0,0.01,0,0,0,0.01,0,0,0,0,0,0,0,0
